smiles,split
Brc1c(NC2=[NH+]CCN2)ccc2nccnc12,test
C#CCC(Cc1cnc2nc(N)nc(N)c2n1)c1ccc(C(=O)N[C@@H](CCC(=O)[O-])C(=O)[O-])cc1,test
C#CC[NH2+][C@@H]1CCc2ccccc21,test
C/C=C(C(=C/C)/c1ccc(O)cc1)\c1ccc(O)cc1,test
C/C=C1\NC(=O)[C@H]2CSSCC/C=C/[C@H](CC(=O)N[C@H](C(C)C)C(=O)N2)OC(=O)[C@H](C(C)C)NC1=O,test
C/[NH+]=C1/CN([O-])C(c2ccccc2)=c2cc(Cl)ccc2=N1,test
C1=C/C(=C2\N=c3cnc4c(c3=N2)COCC4)NO1,test
Clc1ccc(C(Cn2ccnc2)OCc2ccsc2Cl)c(Cl)c1,test
Clc1ccc(C(Cn2ccnc2)OCc2csc3c(Cl)cccc23)c(Cl)c1,test
Clc1ccc(CCC(Cn2ccnc2)Sc2c(Cl)cccc2Cl)cc1,test
Clc1ccc(CO/N=C(/Cn2ccnc2)c2ccc(Cl)cc2Cl)c(Cl)c1,test
Clc1ccc(CSC(Cn2ccnc2)c2ccc(Cl)cc2Cl)cc1,test
Clc1ccc(Nc2nnc(Cc3ccncc3)c3ccccc23)cc1,test
Clc1ccc2nsnc2c1NC1=[NH+]CCN1,test
Clc1ccccc1C(c1ccccc1)(c1ccccc1)n1ccnc1,test
Fc1ccc([C@@H]2CC[NH2+]C[C@H]2COc2ccc3c(c2)OCO3)cc1,test
Fc1ccccc1C1=NCC(=S)N(CC(F)(F)F)c2ccc(Cl)cc21,test
N#C[C@@H]1C[C@@H]2C[C@@H]2N1C(=O)[C@@H]([NH3+])C12CC3CC(CC(O)(C3)C1)C2,test
N#Cc1ccc(C(c2ccc(C#N)cc2)n2cncn2)cc1,test
N#Cc1ccc2[nH]cc(CCCC[NH+]3CCN(c4ccc5oc(C(N)=O)cc5c4)CC3)c2c1,test
N.N.O=C(O)C1(C(=O)O)CCC1.[Pt],test
NC(=O)C(c1ccccc1)(c1ccccc1)[C@@H]1CC[NH+](CCc2ccc3c(c2)CCO3)C1,test
NC(=O)N1c2ccccc2C=Cc2ccccc21,test
NC(=O)N1c2ccccc2CC(=O)c2ccccc21,test
NC(=O)[C@@H]1CCCN1C(=O)[C@H](Cc1cnc[nH]1)NC(=O)[C@@H]1CCC(=O)N1,test
NC(=O)c1cn(Cc2c(F)cccc2F)nn1,test
NC(=O)c1ncn([C@@H]2O[C@H](CO)[C@@H](O)[C@H]2O)n1,test
NC(N)=[NH+]CC1COC2(CCCCC2)O1,test
NC(N)=[NH+]CCCC(NC(=O)[C@H]([NH3+])CCC[NH+]=C(N)N)C(=O)N1CCCC1C(=O)N1C[C@H](O)CC1C(=O)NCC(=O)N[C@@H](Cc1cccs1)C(=O)N[C@@H](CO)C(=O)N1Cc2ccccc2CC1C(=O)N1C(C(=O)N[C@@H](CCC[NH+]=C(N)N)C(=O)[O-])C[C@@H]2CCCC[C@@H]21,test
NC(N)=[NH+]CCN1CCCCCCC1,test
NC1=[NH+]C(=O)C(c2ccccc2)O1,test
NC1=[NH+]CC2c3ccccc3Cc3ccccc3N12,test
NNc1nncc2ccccc12,test
NS(=O)(=O)Cc1noc2ccccc12,test
NS(=O)(=O)c1cc(C(=O)[O-])c(NCc2ccco2)cc1Cl,test
NS(=O)(=O)c1cc(C2(O)NC(=O)c3ccccc32)ccc1Cl,test
NS(=O)(=O)c1cc2c(cc1C(F)(F)F)NC(Cc1ccccc1)NS2(=O)=O,test
NS(=O)(=O)c1cc2c(cc1Cl)NC(C1CC3C=CC1C3)NS2(=O)=O,test
NS(=O)(=O)c1cc2c(cc1Cl)NC(CSCc1ccccc1)=NS2(=O)=O,test
Nc1c2c([nH+]c3ccccc13)CCCC2,test
Nc1cc(N2CCCCC2)nc(N)[n+]1[O-],test
Nc1ccc(/N=N/c2ccccc2)c(N)n1,test
Nc1ccc(C(=O)Oc2ccccc2)c(O)c1,test
Nc1ccc(S(=O)(=O)[N-]c2ccccn2)cc1,test
Nc1ccc(S(=O)(=O)[N-]c2ccnn2-c2ccccc2)cc1,test
Nc1nc(/C(=C/CC(=O)[O-])C(=O)N[C@@H]2C(=O)N3C(C(=O)[O-])=CCS[C@H]23)cs1,test
Nc1nc(=O)c2nc(CNc3ccc(C(=O)N[C@@H](CCC(=O)[O-])C(=O)[O-])cc3)cnc2[nH]1,test
Nc1nc(N)c2nc(-c3ccccc3)c(N)nc2n1,test
Nc1nc(N)c2nc(CNc3ccc(C(=O)N[C@@H](CCCNC(=O)c4ccccc4C(=O)O)C(=O)O)cc3)cnc2n1,test
Nc1nc(NC2CC2)c2ncn([C@H]3C=C[C@@H](CO)C3)c2n1,test
Nc1nnc(-c2cccc(Cl)c2Cl)c(N)n1,test
O=C(/C=C/c1cccc(S(=O)(=O)Nc2ccccc2)c1)NO,test
O=C(C1CCCCC1)N1CC(=O)N2CCc3ccccc3C2C1,test
O=C(CCBr)N1CCN(C(=O)CCBr)CC1,test
O=C(CCCCC(=O)Nc1c(I)cc(I)c(C(=O)[O-])c1I)Nc1c(I)cc(I)c(C(=O)[O-])c1I,test
O=C(CCC[NH+]1CC=C(n2c(=O)[nH]c3ccccc32)CC1)c1ccc(F)cc1,test
O=C(CCC[NH+]1CCC(O)(c2ccc(Cl)cc2)CC1)c1ccc(F)cc1,test
O=C(CCOCCOCCOCCOCCC(=O)Nc1c(I)cc(I)c(C(=O)[O-])c1I)Nc1c(I)cc(I)c(C(=O)[O-])c1I,test
O=C(CCS)N1CCc2c([nH]c3ccccc23)C1,test
O=C(NCC1CCCC[NH2+]1)c1cc(OCC(F)(F)F)ccc1OCC(F)(F)F,test
O=C(NC[C@H]1CN(c2ccc(N3CCOCC3=O)cc2)C(=O)O1)c1ccc(Cl)s1,test
O=C(NS(=O)(=O)c1ccc(Br)s1)c1ccc(Cl)cc1Cl,test
O=C(Nc1c(Cl)cncc1Cl)c1ccc(OC(F)F)c(OCC2CC2)c1,test
O=C(Nc1ccc([N+](=O)[O-])cc1Cl)c1cc(Cl)ccc1O,test
O=C(Nc1cnccc1Cl)N1CCN(Cc2ccc3c(c2)OC(F)(F)O3)CC1,test
O=C(OC1CC2CC3C[C@H](C1)[NH+]2CC3=O)c1c[nH]c2ccccc12,test
O=C(OC1CC2CCC(C1)[N+]21CCCC1)C(O)(c1ccccc1)c1ccccc1,test
O=C(OC[C@H]1O[C@@H](OC(=O)c2cc(O)c(O)c(OC(=O)c3cc(O)c(O)c(O)c3)c2)[C@H](OC(=O)c2cc(O)c(O)c(OC(=O)c3cc(O)c(O)c(O)c3)c2)[C@@H](OC(=O)c2cc(O)c(O)c(OC(=O)c3cc(O)c(O)c(O)c3)c2)[C@@H]1OC(=O)c1cc(O)c(O)c(OC(=O)c2cc(O)c(O)c(O)c2)c1)c1cc(O)c(O)c(OC(=O)c2cc(O)c(O)c(O)c2)c1,test
O=C(OCc1ccccc1)c1ccccc1,test
O=C(OOC(=O)c1ccccc1)c1ccccc1,test
O=C(O[C@H]1C[NH+]2CCC1CC2)N1CCc2ccccc2[C@@H]1c1ccccc1,test
O=C([O-])CCCC[C@@H]1SC[C@@H]2NC(=O)N[C@@H]21,test
O=C([O-])CCC[NH+]1CCC(O[C@@H](c2ccc(Cl)cc2)c2ccccn2)CC1,test
O=C([O-])CCNC(=O)c1ccc(N/N=C2/C=CC(=O)C(C(=O)[O-])=C2)cc1,test
O=C([O-])CCc1nc(-c2ccccc2)c(-c2ccccc2)o1,test
O=C([O-])C[C@H](O)C[C@H](O)/C=C/c1c(C2CC2)nc2ccccc2c1-c1ccc(F)cc1,test
O=C([O-])[C@H]1/C(=C/CO)O[C@@H]2CC(=O)N21,test
O=C([O-])c1cc(/N=N/c2ccc(O)c(C(=O)[O-])c2)ccc1O,test
O=C([O-])c1cc(/N=N/c2ccc(S(=O)(=O)[N-]c3ccccn3)cc2)ccc1O,test
O=C([O-])c1cc(=O)c2c(OCC(O)COc3cccc4oc(C(=O)[O-])cc(=O)c34)cccc2o1,test
O=C([O-])c1cc2ccccc2c(Cc2c(O)c(C(=O)[O-])cc3ccccc23)c1O,test
O=C([O-])c1ccc(-n2nc(-c3ccccc3O)nc2-c2ccccc2O)cc1,test
O=C([O-])c1ccc(NC(=O)C(Cc2ccc(O)cc2)NC(=O)c2ccccc2)cc1,test
O=C(c1ccc(F)c(F)c1Nc1ccc(I)cc1F)N1CC(O)([C@@H]2CCCCN2)C1,test
O=C(c1ccc(OCC[NH+]2CCCCC2)cc1)c1c(-c2ccc(O)cc2)sc2cc(O)ccc12,test
O=C(c1ccc2nonc2c1)N1CCCCC1,test
O=C(c1ccccc1)c1ccc2n1CCC2C(=O)[O-],test
O=C1C([O-])=C([C@H]2CC[C@H](c3ccc(Cl)cc3)CC2)C(=O)c2ccccc21,test
O=C1CC2(CCCC2)CC(=O)N1CCCC[NH+]1CCN(c2ncccn2)CC1,test
O=C1CCCC(=O)[C-]1C(=O)c1ccc(C(F)(F)F)cc1[N+](=O)[O-],test
O=C1CCc2cc(OCCCCc3nnnn3C3CCCCC3)ccc2N1,test
O=C1CCc2ccc(OCCCCN3CCN(c4cccc(Cl)c4Cl)CC3)cc2N1,test
O=C1CCc2ccc(OCCCC[NH+]3CCN(c4cccc(Cl)c4Cl)CC3)cc2N1,test
O=C1CN(/N=C/c2ccc(-c3ccc([N+](=O)[O-])cc3)o2)C(=O)N1,test
O=C1CN(/N=C/c2ccc([N+](=O)[O-])o2)C(=O)N1,test
O=C1CN2Cc3c(ccc(Cl)c3Cl)[NH+]=C2N1,test
O=C1CN=C(c2ccccc2)c2cc(Cl)ccc2N1CC1CC1,test
O=C1Cc2cc(CC[NH+]3CCN(c4nsc5ccccc45)CC3)c(Cl)cc2N1,test
O=C1N(Cc2ccccc2)C2C[S+]3CCCC3C2N1Cc1ccccc1,test
O=C1Nc2ccc(Cl)cc2[C@@](C#CC2CC2)(C(F)(F)F)O1,test
O=C1OCCN1/N=C/c1ccc([N+](=O)[O-])o1,test
O=C1O[C@H](CO)[C@@H](O)[C@H](O)[C@H]1O,test
O=C1O[C@H]([C@@H](O)CO)C([O-])=C1O,test
O=C1[C@@H]2[C@H]3CC[C@H](C3)[C@@H]2C(=O)N1C[C@@H]1CCCC[C@H]1C[NH+]1CCN(c2nsc3ccccc23)CC1,test
O=C1[C@H](CC[C@H](O)c2ccc(F)cc2)[C@@H](c2ccc(O)cc2)N1c1ccc(F)cc1,test
O=C1[O][Bi]([OH])[O]c2ccccc21,test
O=C1[O][Pt][O]C(=O)C12CCC2,test
O=C1c2cccc3c2[C@H](CCC3)CN1[C@@H]1C[NH+]2CCC1CC2,test
O=S(=O)([O-])O[C@@H]1[C@@H](OS(=O)(=O)[O-])[C@H](O[C@@H]2CO[C@@H](O)[C@H](OS(=O)(=O)[O-])[C@H]2OS(=O)(=O)[O-])OC[C@H]1O,test
O=c1[nH]c2cc(Cl)ccc2o1,test
O=c1[nH]c2ccccc2n1C1CC[NH+](CCCC(c2ccc(F)cc2)c2ccc(F)cc2)CC1,test
O=c1[nH]cnc2c1ncn2[C@H]1CC[C@@H](CO)O1,test
O=c1n(CCC[NH+]2CCN(c3cccc(Cl)c3)CC2)nc2ccccn12,test
O=c1oc2ccccc2c([O-])c1Cc1c([O-])c2ccccc2oc1=O,test
OC(CCC[NH+]1CCCCC1)(c1ccccc1)c1ccccc1,test
OC(CC[NH+]1CCCC1)(c1ccccc1)C1CCCCC1,test
OC(CC[NH+]1CCCCC1)(c1ccccc1)C1CC2C=CC1C2,test
OC(CC[NH+]1CCCCC1)(c1ccccc1)C1CCCC1,test
OC(CC[NH+]1CCCCC1)(c1ccccc1)C1CCCCC1,test
OC(C[NH2+]CC(O)C1CCc2cc(F)ccc2O1)C1CCc2cc(F)ccc2O1,test
OC(Cn1cncn1)(Cn1cncn1)c1ccc(F)cc1F,test
OC(c1cc(C(F)(F)F)nc2c(C(F)(F)F)cccc12)C1CCCC[NH2+]1,test
OC1(c2ccc(Cl)cc2)c2ccccc2C2=[NH+]CCN21,test
OCCOCC[NH+]1CCN(C2=[NH+]c3ccccc3Sc3ccccc32)CC1,test
OC[C@H]1O[C@@H](O[C@@H]2[C@@H](CO)O[C@](O)(CO)[C@H]2O)[C@H](O)[C@@H](O)[C@H]1O,test
OC[C@H]1O[C@@H](n2cnc3c2NC=[NH+]C[C@H]3O)C[C@@H]1O,test
OCc1cc(C(O)C[NH2+]CCCCCCOCCCCc2ccccc2)ccc1O,test
Oc1ccc(C2C[NH2+]CCc3c2cc(O)c(O)c3Cl)cc1,test
Oc1ccc2c3c1O[C@H]1[C@@H](O)CC[C@@]4(O)[C@@H](C2)[NH+](CC2CCC2)CC[C@]314,test
Oc1ncnc2[nH]ncc12,test
S=P(N1CC1)(N1CC1)N1CC1,test
[H]/[NH+]=C(\N)C1=CC(=O)/C(=C\C=c2ccc(=C(N)[NH3+])cc2)C=C1,test
[H]/[NH+]=C(\N)c1ccc(OCCCCCOc2ccc(/C(N)=[NH+]/[H])cc2)cc1,test
[NH2+]=C(NCCCCCCNC(=[NH2+])NC(=[NH2+])Nc1ccc(Cl)cc1)NC(=[NH2+])Nc1ccc(Cl)cc1,test
[NH3+][C@@H](C(=O)N[C@@H]1C(=O)N2C(C(=O)[O-])=C(Cl)CC[C@H]12)c1ccccc1,test
[NH3+][C@@H](CC(=O)N1CCn2c(nnc2C(F)(F)F)C1)Cc1cc(F)c(F)cc1F,test
[NH3+][C@@H]1CCCCN(c2c(F)cc3c(=O)c(C(=O)[O-])cn(C4CC4)c3c2Cl)C1,test
[NH3+][C@@H]1CONC1=O,test
[O-]n1ccccc1=S,test
c1cc(C[NH+]2CCCNCC[NH2+]CCCNCC2)ccc1C[NH+]1CCCNCC[NH2+]CCCNCC1,test
c1ccc(CN(CC2=[NH+]CCN2)c2ccccc2)cc1,test
c1ccc([C@H]2CN3CCSC3=[NH+]2)cc1,test
c1ccc2c(CC3=[NH+]CCN3)cccc2c1,test
c1ccc2c(c1)CCCC2C1=[NH+]CCN1,test
c1cnc2cc3c(cc2n1)[C@@H]1C[NH2+]C[C@H]3C1,test
C#CC(O)(/C=C/Cl)CC,train
C#CC1(OC(N)=O)CCCCC1,train
C#CC[NH+](C)Cc1ccccc1,train
C#CC[NH+](C)[C@H](C)Cc1ccccc1,train
C#C[C@]1(O)CC[C@H]2[C@@H]3CCC4=C/C(=N/O)CC[C@@H]4[C@H]3CC[C@@]21CC,train
C#C[C@]1(O)CC[C@H]2[C@@H]3CCC4=CC(=O)CC[C@@H]4[C@H]3C(=C)C[C@@]21CC,train
C#C[C@]1(O)CC[C@H]2[C@@H]3CCC4=CC(=O)CC[C@@H]4[C@H]3CC[C@@]21C,train
C#C[C@]1(O)CC[C@H]2[C@@H]3CCC4=CC(=O)CC[C@@H]4[C@H]3CC[C@@]21CC,train
C#C[C@]1(O)CC[C@H]2[C@@H]3CCc4cc(O)ccc4[C@H]3CC[C@@]21C,train
C#C[C@]1(O)CC[C@H]2[C@@H]3CCc4cc(OC)ccc4[C@H]3CC[C@@]21C,train
C#C[C@]1(OC(C)=O)CC[C@H]2[C@@H]3CCC4=C/C(=N/O)CC[C@@H]4[C@H]3CC[C@@]21CC,train
C#C[C@]1(OC(C)=O)CC[C@H]2[C@@H]3CCC4=CC(=O)CC[C@@H]4[C@H]3CC[C@@]21C,train
C#C[C@]1(OC(C)=O)CC[C@H]2[C@@H]3CCC4=C[C@@H](OC(C)=O)CC[C@@H]4[C@H]3CC[C@@]21C,train
C#Cc1cccc(Nc2ncnc3cc(OCCOC)c(OCCOC)cc23)c1.Cl,train
C#N,train
C/C(=C\c1csc(C)n1)[C@@H]1C[C@@H]2O[C@]2(C)CCC[C@H](C)[C@H](O)[C@@H](C)C(=O)C(C)(C)[C@@H](O)CC(=O)N1,train
C/C(=N\O)[C@@H](C)[NH2+]CC(C)(C)C[NH2+][C@H](C)/C(C)=N/O,train
C/C1=C2/N=C(/C=C3\N/C(=C(/C)C4=N[C@@](C)(C5N=C1[C@](C)(CCC(=O)NC[C@H](C)OP(=O)([O-])O[C@H]1[C@@H](O)[C@@H](n6cnc7cc(C)c(C)cc76)O[C@@H]1CO)[C@H]5CC(N)=O)[C@@](C)(CC(N)=O)[C@@H]4CCC(N)=O)[C@@](C)(CC(N)=O)[C@@H]3CCC(N)=O)C(C)(C)[C@@H]2CCC(N)=O,train
C/C=C/C(=O)N(CC)c1ccccc1C,train
C/C=C/C1=C(C(=O)[O-])N2C(=O)[C@@H](NC(=O)[C@H]([NH3+])c3ccc(O)cc3)[C@H]2SC1,train
C/C=C/C[C@@H](C)[C@@H](O)[C@H]1C(=O)N[C@@H](CC)C(=O)N(C)CC(=O)N(C)[C@@H](CC(C)C)C(=O)N[C@@H](C(C)C)C(=O)N(C)[C@@H](CC(C)C)C(=O)N[C@@H](C)C(=O)N[C@H](C)C(=O)N(C)[C@@H](CC(C)C)C(=O)N(C)[C@@H](CC(C)C)C(=O)N(C)[C@@H](C(C)C)C(=O)N1C,train
C1C[NH2+]CCN1,train
C=C(CC)C(=O)c1ccc(OCC(=O)[O-])c(Cl)c1Cl,train
C=C(c1ccc(C(=O)[O-])cc1)c1cc2c(cc1C)C(C)(C)CCC2(C)C,train
C=C/C=C/CC1=C(C)[C@@H](OC(=O)[C@@H]2[C@@H](C=C(C)C)C2(C)C)CC1=O,train
C=C1/C(=C\C=C2/CCC[C@]3(C)[C@@H]([C@H](C)/C=C/[C@H](C)C(C)C)CC[C@@H]23)C[C@@H](O)C[C@@H]1O,train
C=C1/C(=C\C=C2/CCC[C@]3(C)[C@@H]([C@H](C)CCCC(C)(C)O)CC[C@@H]23)C[C@@H](O)C[C@@H]1O,train
C=C1CC[C@@]2(O)[C@H]3Cc4ccc(O)c5c4[C@@]2(CC[NH+]3CC2CC2)[C@H]1O5,train
C=C1CC[C@H](O)C/C1=C/C=C1\CCC[C@]2(C)[C@@H]([C@H](C)/C=C/[C@H](C)C(C)C)CC[C@@H]12,train
C=C1CC[C@H](O)C/C1=C/C=C1\CCC[C@]2(C)[C@@H]([C@H](C)CCCC(C)(C)O)CC[C@@H]12,train
C=C1CC[C@H](O)C/C1=C/C=C1\CCC[C@]2(C)[C@@H]([C@H](C)CCCC(C)C)CC[C@@H]12,train
C=C1N(CCCCCC(=O)O)c2ccccc2C1(C)C,train
C=C1[C@H](CO)[C@@H](O)C[C@@H]1n1cnc2c(=O)[nH]c(N)nc21,train
C=CC([NH3+])CCC(=O)[O-],train
C=CC1=C(C(=O)[O-])N2C(=O)[C@@H](NC(=O)/C(=N\O)c3csc(N)n3)[C@H]2SC1,train
C=CC1=C(C(=O)[O-])N2C(=O)[C@@H](NC(=O)/C(=N\OCC(=O)[O-])c3csc(N)n3)[C@H]2SC1,train
C=CC1=C(C)c2cc3[nH]c(cc4nc(cc5[nH]c(cc1n2)c(C)c5CCC(=O)[O-])C(CCC(=O)OC)=C4C)[C@@]1(C)C3=CC=C(C(=O)OC)[C@H]1C(=O)OC,train
C=CCC1(C(C)C#CCC)C(=O)NC(=O)N(C)C1=O,train
C=CCC1(C(C)CC)C(=O)NC(=O)NC1=O,train
C=CCC1(C(C)CCC)C(=O)NC(=O)NC1=O,train
C=CCC1(C(C)CCC)C(=O)NC(S)=[NH+]C1=O,train
C=CCC1(CC(C)C)C(=O)NC(=O)NC1=O,train
C=CCOc1ccccc1OCC(O)C[NH2+]C(C)C,train
C=CC[C@@H]1/C=C(\C)C[C@H](C)C[C@H](OC)[C@H]2O[C@@](O)(C(=O)C(=O)N3CCCC[C@H]3C(=O)O[C@H](/C(C)=C/[C@@H]3CC[C@@H](O)[C@H](OC)C3)[C@H](C)[C@@H](O)CC1=O)[C@H](C)C[C@@H]2OC,train
C=CC[N+]1([C@H]2C[C@H]3[C@@H]4CC[C@H]5C[C@H](O)[C@@H]([NH+]6CCOCC6)C[C@]5(C)[C@H]4CC[C@]3(C)[C@H]2OC(C)=O)CCCC1,train
C=CC[N+]1([C@H]2C[C@H]3[C@@H]4CC[C@H]5C[C@H](OC(C)=O)[C@@H]([NH+]6CCCCC6)C[C@]5(C)[C@H]4CC[C@]3(C)[C@H]2OC(=O)CC)CCCCC1,train
C=CC[NH+]1CC[C@]23CCCC[C@H]2[C@H]1Cc1ccc(O)cc13,train
C=CC[NH+]1CC[C@]23c4c5ccc(O)c4O[C@H]2C(=O)CC[C@@]3(O)[C@H]1C5,train
C=CC[NH2+]CCCCCC[N+](C)(C)C,train
C=CN1CCCC1=O,train
C=C[C@H]1C[NH+]2CC[C@H]1C[C@@H]2[C@@H](O)c1ccnc2ccc(OC)cc12,train
C=C[C@H]1C[NH+]2CC[C@H]1C[C@H]2[C@H](O)c1ccnc2ccc(OC)cc12,train
CC#C[C@]1(O)CC[C@H]2[C@@H]3CCC4=CC(=O)CCC4=C3[C@@H](c3ccc(N(C)C)cc3)C[C@@]21C,train
CC(/N=C(\NC#N)Nc1cc[nH+]cc1)C(C)(C)C,train
CC(=O)/N=c1\sc(S(N)(=O)=O)nn1C,train
CC(=O)CC(c1ccccc1)c1c([O-])c2ccccc2oc1=O,train
CC(=O)CCCCn1c(=O)c2c(ncn2C)n(C)c1=O,train
CC(=O)N(CC(C)C(=O)[O-])c1c(I)cc(I)c(N)c1I,train
CC(=O)N(CC(O)CN(C(C)=O)c1c(I)c(C(=O)NCC(O)CO)c(I)c(C(=O)NCC(O)CO)c1I)c1c(I)c(C(=O)NCC(O)CO)c(I)c(C(=O)NCC(O)CO)c1I,train
CC(=O)N(CC(O)CO)c1c(I)c(C(=O)NCC(O)CO)c(I)c(C(=O)NCC(O)CO)c1I,train
CC(=O)N(CC(O)CO)c1c(I)c(C(=O)NCCO)c(I)c(C(=O)NCC(O)CO)c1I,train
CC(=O)N(O)CCCCCNC(=O)CCC(=O)N(O)CCCCCNC(=O)CCC(=O)N(O)CCCCC[NH3+],train
CC(=O)N(c1onc(C)c1C)S(=O)(=O)c1ccc(N)cc1,train
CC(=O)NCCCS(=O)(=O)[O-],train
CC(=O)NC[C@H]1CN(c2ccc(N3CCOCC3)c(F)c2)C(=O)O1,train
CC(=O)NCc1c(I)c(NC(C)=O)c(I)c(C(=O)[O-])c1I,train
CC(=O)NO,train
CC(=O)N[C@@H](CS)C(=O)[O-],train
CC(=O)N[C@@H]1[C@@H](O[C@@H]2O[C@H](C(=O)[O-])[C@@H](O)[C@H](O)[C@H]2O)[C@@H](O)[C@@H](OS(=O)(=O)[O-])O[C@H]1O,train
CC(=O)N[C@H](Cc1ccc2ccccc2c1)C(=O)N[C@H](Cc1ccc(Cl)cc1)C(=O)N[C@H](Cc1cccnc1)C(=O)N[C@@H](CO)C(=O)N(C)[C@@H](Cc1ccc(O)cc1)C(=O)N[C@H](CC(N)=O)C(=O)N[C@@H](CC(C)C)C(=O)N[C@@H](CCCC[NH2+]C(C)C)C(=O)N1CCC[C@H]1C(=O)N[C@H](C)C(N)=O,train
CC(=O)N[C@H](Cc1ccc2ccccc2c1)C(=O)N[C@H](Cc1ccc(Cl)cc1)C(=O)N[C@H](Cc1cccnc1)C(=O)N[C@@H](CO)C(=O)N[C@@H](Cc1ccc(O)cc1)C(=O)N[C@H](CCCNC(N)=O)C(=O)N[C@@H](CC(C)C)C(=O)N[C@@H](CCCNC(N)=[NH2+])C(=O)N1CCC[C@H]1C(=O)N[C@H](C)C(N)=O,train
CC(=O)N[C@H]1[C@H]([C@H](O)[C@H](O)CO)OC(C(=O)[O-])=C[C@@H]1[NH+]=C(N)N,train
CC(=O)Nc1c(I)c(C(=O)N[C@H]2C(O)O[C@H](CO)[C@@H](O)[C@@H]2O)c(I)c(N(C)C(C)=O)c1I,train
CC(=O)Nc1c(I)c(C(=O)[O-])c(I)c(N(C)C(C)=O)c1I,train
CC(=O)Nc1c(I)c(NC(C)=O)c(I)c(C(=O)[O-])c1I,train
CC(=O)Nc1c(I)cc(I)c(C(=O)[O-])c1I,train
CC(=O)Nc1ccc(O)cc1,train
CC(=O)Nc1nnc(S(N)(=O)=O)s1,train
CC(=O)OC(C)C[N+](C)(C)C,train
CC(=O)OCC(=O)[C@@]1(O)CC[C@H]2[C@@H]3CCC4=CC(=O)CC[C@]4(C)[C@@]3(F)[C@@H](O)C[C@@]21C,train
CC(=O)OCC(=O)[C@@]1(O)CC[C@H]2[C@@H]3CCC4=CC(=O)CC[C@]4(C)[C@H]3C(=O)C[C@@]21C,train
CC(=O)OCC(=O)[C@@]1(O)CC[C@H]2[C@@H]3CCC4=CC(=O)CC[C@]4(C)[C@H]3[C@@H](O)C[C@@]21C,train
CC(=O)OCC(=O)[C@@]1(O)[C@@H](C)C[C@H]2[C@@H]3CCC4=CC(=O)C=C[C@]4(C)[C@@]3(F)[C@@H](O)C[C@@]21C,train
CC(=O)OCC(=O)[C@@]1(O)[C@H](C)C[C@H]2[C@@H]3C[C@H](F)C4=CC(=O)C=C[C@]4(C)[C@H]3[C@@H](O)C[C@@]21C,train
CC(=O)OCC(=O)[C@@]1(OC(C)=O)[C@@H](C)C[C@H]2[C@@H]3C[C@H](F)C4=CC(=O)C=C[C@]4(C)[C@@]3(F)[C@@H](O)C[C@@]21C,train
CC(=O)OCC(=O)[C@@]12OC(C)(C)O[C@@H]1C[C@H]1[C@@H]3C[C@H](F)C4=CC(=O)C=C[C@]4(C)[C@@]3(F)[C@@H](O)C[C@@]12C,train
CC(=O)OCC(=O)[C@@]12OC3(CCCC3)O[C@@H]1C[C@H]1[C@@H]3CCC4=CC(=O)C=C[C@]4(C)[C@@]3(F)[C@@H](O)C[C@@]12C,train
CC(=O)OCC(=O)[C@H]1CC[C@H]2[C@@H]3CCC4=CC(=O)CC[C@]4(C)[C@H]3CC[C@]12C,train
CC(=O)OCC(CCn1cnc2cnc(N)nc21)COC(C)=O,train
CC(=O)OCC1=C(C(=O)[O-])N2C(=O)[C@@H](NC(=O)CSc3ccncc3)[C@H]2SC1,train
CC(=O)OCC1=C(C(=O)[O-])N2C(=O)[C@@H](NC(=O)Cc3cccs3)[C@H]2SC1,train
CC(=O)OCC1=C(C(=O)[O-])N2C(=O)[C@@H](NC(=O)[C@H]([NH3+])c3ccccc3)[C@H]2SC1,train
CC(=O)OCC[N+](C)(C)C,train
CC(=O)O[C@@]12CO[C@@H]1C[C@H](O)[C@@]1(C)C(=O)[C@H](O)C3=C(C)[C@@H](OC(=O)[C@H](O)[C@@H](NC(=O)OC(C)(C)C)c4ccccc4)C[C@@](O)([C@@H](OC(=O)c4ccccc4)[C@H]21)C3(C)C,train
CC(=O)O[C@H]1C(=O)[C@@]2(C)[C@H]([C@H](OC(=O)c3ccccc3)[C@]3(O)C[C@H](OC(=O)[C@H](O)[C@@H](NC(=O)c4ccccc4)c4ccccc4)C(C)=C1C3(C)C)[C@]1(OC(C)=O)CO[C@@H]1C[C@@H]2O,train
CC(=O)O[C@H]1C[C@@H]2CC[C@@H]3[C@H](CC[C@@]4(C)[C@H]3C[C@H](N3CC[N+](C)(C)CC3)[C@@H]4OC(C)=O)[C@@]2(C)C[C@@H]1N1CC[N+](C)(C)CC1,train
CC(=O)O[C@H]1C[C@@H]2CC[C@@H]3[C@H](CC[C@@]4(C)[C@H]3C[C@H]([N+]3(C)CCCCC3)[C@@H]4OC(C)=O)[C@@]2(C)C[C@@H]1[N+]1(C)CCCCC1,train
CC(=O)O[C@H]1C[C@@H]2CC[C@@H]3[C@H](CC[C@@]4(C)[C@H]3C[C@H]([N+]3(C)CCCCC3)[C@@H]4OC(C)=O)[C@@]2(C)C[C@@H]1[NH+]1CCCCC1,train
CC(=O)O[C@H]1C[C@H](OC2[C@@H](O)C[C@H](O[C@H]3[C@@H](O)C[C@H](OC4CC[C@@]5(C)[C@H](CC[C@@H]6[C@@H]5CC[C@]5(C)[C@@H](C7=CC(=O)OC7)CC[C@]65O)C4)O[C@@H]3C)O[C@@H]2C)O[C@H](C)[C@H]1O,train
CC(=O)O[C@H]1Cc2ccccc2N(C(N)=O)c2ccccc21,train
CC(=O)O[C@]1(C(C)=O)CC[C@H]2[C@@H]3C=C(C)C4=CC(=O)CC[C@]4(C)[C@H]3CC[C@@]21C,train
CC(=O)O[C@]1(C(C)=O)CC[C@H]2[C@@H]3CCC4=CC(=O)CCC4=C3[C@@H](c3ccc(N(C)C)cc3)C[C@@]21C,train
CC(=O)O[C@]1(C(C)=O)CC[C@H]2[C@@H]3C[C@H](C)C4=CC(=O)C=C[C@]4(C)[C@@]3(F)[C@@H](O)C[C@@]21C,train
CC(=O)O[C@]1(C(C)=O)CC[C@H]2[C@@H]3C[C@H](C)C4=CC(=O)CC[C@]4(C)[C@H]3CC[C@@]21C,train
CC(=O)Oc1c(C)c(C)c2c(c1C)CCC(C)(CCCC(C)CCCC(C)CCCC(C)C)O2,train
CC(=O)Oc1c(C)c(C)c2c(c1C)CC[C@@](C)(CCC[C@H](C)CCC[C@H](C)CCCC(C)C)O2,train
CC(=O)Oc1c(C)cc(OCC(O)C[NH2+]C(C)C)c(C)c1C,train
CC(=O)Oc1cc2c(s1)CC[NH+](C(C(=O)C1CC1)c1ccccc1F)C2,train
CC(=O)Oc1ccc(C(c2ccc(OC(C)=O)cc2)c2ccccn2)cc1,train
CC(=O)Oc1ccccc1C(=O)Nc1ncc([N+](=O)[O-])s1,train
CC(=O)Oc1ccccc1C(=O)O,train
CC(=O)Oc1ccccc1C(=O)[O-],train
CC(=O)S[C@@H]1CC2=CC(=O)CC[C@]2(C)[C@H]2CC[C@@]3(C)[C@@H](CC[C@@]34CCC(=O)O4)[C@H]12,train
CC(=O)[C@@]1(O)CC[C@H]2[C@@H]3C[C@H](C)C4=CC(=O)C=C[C@]4(C)[C@@]3(F)[C@@H](O)C[C@@]21C,train
CC(=O)[C@H]1CC[C@H]2[C@@H]3C=CC4=CC(=O)CC[C@@]4(C)[C@@H]3CC[C@]12C,train
CC(=O)[C@H]1CC[C@H]2[C@@H]3CCC4=CC(=O)CC[C@]4(C)[C@H]3CC[C@]12C,train
CC(=O)[C@H]1CC[C@H]2[C@@H]3C[C@H](C)C4=CC(=O)CC[C@]4(C)[C@H]3[C@@H](O)C[C@]12C,train
CC(=O)[C@]1(O)Cc2c([O-])c3c(c([O-])c2[C@@H](O[C@H]2C[C@H]([NH3+])[C@H](O)[C@H](C)O2)C1)C(=O)c1ccccc1C3=O,train
CC(=O)[N-]S(=O)(=O)c1ccc(N)cc1,train
CC(=O)[O-],train
CC(=O)c1ccc(S(=O)(=O)[N-]C(=O)NC2CCCCC2)cc1,train
CC(=O)c1ccc2c(c1)N(CCCN1CC[NH+](CCO)CC1)c1ccccc1S2,train
CC(=O)c1ccc2c(c1)N(CCC[NH+]1CCC(CCO)CC1)c1ccccc1S2,train
CC(C(=O)[O-])c1ccc(-c2ccccc2)c(F)c1,train
CC(C(=O)[O-])c1ccc(C(=O)c2cccs2)cc1,train
CC(C(=O)[O-])c1cccc(C(=O)c2ccccc2)c1,train
CC(C(=O)[O-])c1cccc(Oc2ccccc2)c1,train
CC(C)(C)C(=O)OCC(=O)C1CCC2C3CCC4=CC(=O)CCC4(C)C3CCC12C,train
CC(C)(C)C(=O)OCOP(=O)(COCCn1cnc2c(N)ncnc21)OCOC(=O)C(C)(C)C,train
CC(C)(C)CC(=O)OCC(=O)[C@@]1(O)CC[C@H]2[C@@H]3CCC4=CC(=O)C=C[C@]4(C)[C@H]3[C@@H](O)C[C@@]21C,train
CC(C)(C)CC(=O)OCC(=O)[C@@]12OC(C)(C)O[C@@H]1C[C@H]1[C@@H]3CCC4=CC(=O)C=C[C@]4(C)[C@@]3(F)[C@@H](O)C[C@@]12C,train
CC(C)(C)CC(C)(C)c1ccc(O)cc1,train
CC(C)(C)NC(=O)N[C@H](C(=O)N1C[C@H]2[C@@H]([C@H]1C(=O)NC(CC1CCC1)C(=O)C(N)=O)C2(C)C)C(C)(C)C,train
CC(C)(C)[NH2+]CC(O)c1cc(O)cc(O)c1,train
CC(C)(C)[NH2+]CC(O)c1ccc(O)c(CO)c1,train
CC(C)(C)[NH2+]CC(O)c1ccc(O)c(CO)n1,train
CC(C)(C)[NH2+]C[C@H](O)c1ccc(O)c(CO)c1,train
CC(C)(C)c1ccc(C[NH+]2CCN(C(c3ccccc3)c3ccc(Cl)cc3)CC2)cc1,train
CC(C)(CO)[C@@H](O)C(=O)NCCC(=O)[O-],train
CC(C)(CO)[C@@H](O)C(=O)NCCCO,train
CC(C)(Oc1ccc(C(=O)c2ccc(Cl)cc2)cc1)C(=O)NCCS(=O)(=O)[O-],train
CC(C)(Oc1ccc(C(=O)c2ccc(Cl)cc2)cc1)C(=O)[O-],train
CC(C)(S)[C@@H]([NH3+])C(=O)[O-],train
CC(C)([NH3+])Cc1ccc(Cl)cc1,train
CC(C)([NH3+])Cc1ccccc1,train
CC(C)/[NH+]=C(N)/[NH+]=C(\N)Nc1ccc(Cl)cc1,train
CC(C)C(=O)Nc1ccc([N+](=O)[O-])c(C(F)(F)F)c1,train
CC(C)C(=O)Oc1ccc(CO)cc1[C@H](CC[NH+](C(C)C)C(C)C)c1ccccc1,train
CC(C)CC(NC(=O)C(COC(C)(C)C)NC(=O)C(Cc1ccc(O)cc1)NC(=O)C(CO)NC(=O)C(Cc1c[nH]c2ccccc12)NC(=O)C(Cc1cnc[nH]1)NC(=O)C1CCC(=O)N1)C(=O)NC(CCC[NH+]=C(N)N)C(=O)N1CCCC1C(=O)NNC(N)=O,train
CC(C)CN(C[C@@H](O)[C@H](Cc1ccccc1)NC(=O)O[C@H]1CCOC1)S(=O)(=O)c1ccc(N)cc1,train
CC(C)CN(C[C@@H](OP(=O)([O-])[O-])[C@H](Cc1ccccc1)NC(=O)O[C@H]1CCOC1)S(=O)(=O)c1ccc(N)cc1,train
CC(C)C[C@H](C[NH3+])CC(=O)[O-],train
CC(C)C[C@H](NC(=O)CNC(=O)c1cc(Cl)ccc1Cl)B(O)O,train
CC(C)C[C@H](NC(=O)[C@@H](COC(C)(C)C)NC(=O)[C@H](Cc1ccc(O)cc1)NC(=O)[C@H](CO)NC(=O)[C@H](Cc1c[nH]c2ccccc12)NC(=O)[C@H](Cc1cnc[nH]1)NC(=O)[C@@H]1CCC(=O)N1)C(=O)N[C@@H](CCCN=C(N)N)C(=O)N1CCC[C@H]1C(=O)NNC(N)=O,train
CC(C)Cc1ccc(C(C)C(=O)[O-])cc1,train
CC(C)NCC(O)COc1cccc2ccccc12,train
CC(C)Nc1cccnc1N1CCN(C(=O)c2cc3cc(NS(C)(=O)=O)ccc3[nH]2)CC1,train
CC(C)O,train
CC(C)OC(=O)C(C)(C)Oc1ccc(C(=O)c2ccc(Cl)cc2)cc1,train
CC(C)OC(=O)CCC/C=C\C[C@@H]1[C@@H](/C=C/[C@@H](O)COc2cccc(C(F)(F)F)c2)[C@H](O)C[C@@H]1O,train
CC(C)OC(=O)CCC/C=C\C[C@@H]1[C@@H](CC[C@@H](O)CCc2ccccc2)[C@H](O)C[C@@H]1O,train
CC(C)OC(=O)OCOP(=O)(CO[C@H](C)Cn1cnc2c(N)ncnc21)OCOC(=O)OC(C)C,train
CC(C)OP(=O)(F)OC(C)C,train
CC(C)[C@@H]1CC[C@@H](C)C[C@H]1O,train
CC(C)[C@H](N)C(=O)OCCOCn1cnc2c(=O)nc(N)[nH]c21,train
CC(C)[C@H]([NH3+])C(=O)OCC(CO)OCn1cnc2c(=O)nc(N)[nH]c21,train
CC(C)[C@H]([NH3+])C(=O)OCCOCn1cnc2c(=O)[nH]c(N)nc21,train
CC(C)[N+](C)(CCC(C(N)=O)(c1ccccc1)c1ccccc1)C(C)C,train
CC(C)[N+](C)(CCOC(=O)C1c2ccccc2Oc2ccccc21)C(C)C,train
CC(C)[N+]1(C)[C@@H]2CC[C@@H]1CC(OC(=O)C(CO)c1ccccc1)C2,train
CC(C)[NH+](CCC(C(N)=O)(c1ccccc1)c1ccccn1)C(C)C,train
CC(C)[NH2+]C(C)Cc1ccc([123I])cc1,train
CC(C)[NH2+]CC(O)COc1ccc(CC(N)=O)cc1,train
CC(C)[NH2+]CC(O)COc1ccc(CCOCC2CC2)cc1,train
CC(C)[NH2+]CC(O)COc1ccc(COCCOC(C)C)cc1,train
CC(C)[NH2+]CC(O)COc1cccc2[nH]ccc12,train
CC(C)[NH2+]CC(O)COc1cccc2ccccc12,train
CC(C)[NH2+]CC(O)c1cc(O)cc(O)c1,train
CC(C)[NH2+]CC(O)c1ccc(NS(C)(=O)=O)cc1,train
CC(C)[NH2+]CC(O)c1ccc(O)c(O)c1,train
CC(C)[NH2+]C[C@H](O)COc1ccc(CCOCC2CC2)cc1,train
CC(C)c1cccc(C(C)C)c1NC(=O)C[NH+](CC(=O)[O-])CC(=O)[O-],train
CC(C)c1cccc(C(C)C)c1O,train
CC(C)c1cccc(C(C)C)c1OCOP(=O)([O-])[O-],train
CC(C)n1c(/C=C/[C@H](O)C[C@H](O)CC(=O)[O-])c(-c2ccc(F)cc2)c2ccccc21,train
CC(CCc1ccc(O)cc1)[NH2+]CCc1ccc(O)c(O)c1,train
CC(CCc1ccccc1)[NH2+]CC(O)c1ccc(O)c(C(N)=O)c1,train
CC(CN1c2ccccc2CCc2ccccc21)C[NH+](C)C,train
CC(CN1c2ccccc2Sc2ccccc21)C[NH+](C)C,train
CC(CN1c2ccccc2Sc2ccccc21)[NH+](C)C,train
CC(COc1ccccc1)[NH+](CCCl)Cc1ccccc1,train
CC(C[N+](C)(C)C)OC(N)=O,train
CC(C[NH2+]C1CCCCC1)OC(=O)c1ccccc1,train
CC(Cc1ccc2c(c1)OCO2)[NH2+]CC(O)c1ccc(O)c(O)c1,train
CC(Cc1ccccc1)[NH+](C)Cc1ccccc1,train
CC(O)(CS(=O)(=O)c1ccc(F)cc1)C(=O)Nc1ccc(C#N)c(C(F)(F)F)c1,train
CC(O)(P(=O)([O-])[O-])P(=O)([O-])[O-],train
CC(O)C(=O)O.CN1CCN(c2ccc3c(c2)N/C(=C2/C(=O)N=c4cccc(F)c4=C2N)N3)CC1.O,train
CC(O)C(=O)[O-],train
CC(O)C(CO)NC(=O)C1CSSCC(NC(=O)C([NH3+])Cc2ccccc2)C(=O)NC(Cc2ccccc2)C(=O)NC(Cc2c[nH]c3ccccc23)C(=O)NC(CCCC[NH3+])C(=O)NC(C(C)O)C(=O)N1,train
CC(O)CN1CCN(CC(=O)[O-])CCN(CC(=O)[O-])CC[NH+](CC(=O)[O-])CC1,train
CC(OC(=O)NCC1(CC(=O)[O-])CCCCC1)OC(=O)C(C)C,train
CC(S)C(=O)NCC(=O)[O-],train
CC([NH2+]C(C)(C)C)C(=O)c1cccc(Cl)c1,train
CC([NH3+])C12CC3CC(CC(C3)C1)C2,train
CC([NH3+])Cc1ccc(O)cc1,train
CC([NH3+])Cc1ccccc1,train
CC(c1cc2ccccc2s1)N(O)C(N)=O,train
CC/C(=C(/CC)c1ccc(O)cc1)c1ccc(O)cc1,train
CC/C(=C(/CC)c1ccc(OP(=O)([O-])[O-])cc1)c1ccc(OP(=O)([O-])[O-])cc1,train
CC/C(=C(\c1ccccc1)c1ccc(OCC[NH+](C)C)cc1)c1ccccc1,train
CC1(C)C(C=C(Cl)Cl)C1C(=O)OCc1cccc(Oc2ccccc2)c1,train
CC1(C)C2CCC1(CS(=O)(=O)[O-])C(=O)/C2=C\c1ccc(/C=C2\C(=O)C3(CS(=O)(=O)[O-])CCC2C3(C)C)cc1,train
CC1(C)C[C@@H]1C(=O)N/C(=C\CCCCSC[C@H]([NH3+])C(=O)[O-])C(=O)[O-],train
CC1(C)NC(=O)N(c2ccc([N+](=O)[O-])c(C(F)(F)F)c2)C1=O,train
CC1(C)O[C@@H]2C[C@H]3[C@@H]4CCC5=CC(=O)C=C[C@]5(C)[C@@]4(F)[C@@H](O)C[C@]3(C)[C@]2(C(=O)CO)O1,train
CC1(C)O[C@@H]2C[C@H]3[C@@H]4CCC5=CC(=O)C=C[C@]5(C)[C@H]4[C@@H](O)C[C@]3(C)[C@]2(C(=O)CO)O1,train
CC1(C)O[C@@H]2C[C@H]3[C@@H]4CCC5=CC(=O)CC[C@]5(C)[C@@]4(F)[C@@H](O)C[C@]3(C)[C@]2(C(=O)CCl)O1,train
CC1(C)O[C@@H]2C[C@H]3[C@@H]4C[C@H](F)C5=CC(=O)C=C[C@]5(C)[C@@]4(F)[C@@H](O)C[C@]3(C)[C@]2(C(=O)CO)O1,train
CC1(C)O[C@@H]2C[C@H]3[C@@H]4C[C@H](F)C5=CC(=O)C=C[C@]5(C)[C@H]4[C@@H](O)C[C@]3(C)[C@]2(C(=O)CO)O1,train
CC1(C)O[C@@H]2C[C@H]3[C@@H]4C[C@H](F)C5=CC(=O)CC[C@]5(C)[C@H]4[C@@H](O)C[C@]3(C)[C@]2(C(=O)CO)O1,train
CC1(C)O[C@@H]2[C@@H](CO[C@@]3(COS(N)(=O)=O)OC(C)(C)O[C@@H]23)O1,train
CC1(C)SC(C(NC(=O)Cc2ccccc2)C(=O)NCCCCCC(=O)[O-])[NH2+]C1C(=O)[O-],train
CC1(C)S[C@@H]2[C@H](/[NH+]=C/N3CCCCCC3)C(=O)N2[C@H]1C(=O)[O-],train
CC1(C)S[C@@H]2[C@H](N3C(=O)[C@@H](c4ccccc4)[NH2+]C3(C)C)C(=O)N2[C@H]1C(=O)[O-],train
CC1(C)S[C@@H]2[C@H](NC(=O)C(C(=O)[O-])c3ccccc3)C(=O)N2[C@H]1C(=O)[O-],train
CC1(C)S[C@@H]2[C@H](NC(=O)C3([NH3+])CCCCC3)C(=O)N2[C@H]1C(=O)[O-],train
CC1(C)S[C@@H]2[C@H](NC(=O)COc3ccccc3)C(=O)N2[C@H]1C(=O)[O-],train
CC1(C)S[C@@H]2[C@H](NC(=O)Cc3ccccc3)C(=O)N2[C@H]1C(=O)[O-],train
CC1(C)S[C@@H]2[C@H](NC(=O)[C@H](C(=O)[O-])c3ccsc3)C(=O)N2[C@H]1C(=O)[O-],train
CC1(C)S[C@@H]2[C@H](NC(=O)[C@H](NC(=O)N3CCNC3=O)c3ccccc3)C(=O)N2[C@H]1C(=O)[O-],train
CC1(C)S[C@@H]2[C@H](NC(=O)[C@H]([NH3+])c3ccc(O)cc3)C(=O)N2[C@H]1C(=O)[O-],train
CC1(C)S[C@@H]2[C@H](NC(=O)[C@H]([NH3+])c3ccccc3)C(=O)N2[C@H]1C(=O)[O-],train
CC1(C)[C@H](C(=O)[O-])N2C(=O)C[C@H]2S1(=O)=O,train
CC1(O)CC(c2nc(-c3ccc4ccc(-c5ccccc5)nc4c3)c3c(N)nccn23)C1,train
CC12CC3CC(C)(C1)CC([NH3+])(C3)C2,train
CC1=C(/C=C/C(C)=C/C=C/C(C)=C/C(=O)[O-])C(C)(C)CCC1,train
CC1=C(/C=C/C(C)=C/C=C/C(C)=C/C=C/C=C(C)/C=C/C=C(C)/C=C/C2=C(C)CCCC2(C)C)C(C)(C)CCC1,train
CC1=C(/C=C/C(C)=C/C=C/C(C)=C/CO)C(C)(C)CCC1,train
CC1=C(/C=C/C(C)=C/C=C/C(C)=C\C(=O)[O-])C(C)(C)CCC1,train
CC1=C(/C=C/C(C)=C\C=C\C(C)=C\C(=O)[O-])C(C)(C)CCC1,train
CC1=C(C(=O)[O-])N2C(=O)[C@@H](NC(=O)[C@H]([NH3+])C3=CCC=CC3)[C@H]2SC1,train
CC1=C(C/C=C(\C)CCC[C@H](C)CCC[C@H](C)CCCC(C)C)C(=O)c2ccccc2C1=O,train
CC1=C(CC(=O)[O-])c2cc(F)ccc2/C1=C\c1ccc(S(C)=O)cc1,train
CC1=C(CCC(=O)[O-])c2cc3nc(cc4[nH]c(cc5[nH]c(cc1n2)c(C)c5C(C)O)c(C)c4C(C)OC(C)c1c(C)c2cc4nc(cc5nc(cc6[nH]c(cc1[nH]2)c(C)c6C(C)O)C(C)=C5CCC(=O)[O-])C(CCC(=O)[O-])=C4C)C(C)=C3CCC(=O)[O-],train
CC1=CC(=O)c2ccccc2C1=O,train
CC1=NS(=O)(=O)c2cc(Cl)ccc2N1,train
CC1COc2c(N3CC[NH+](C)CC3)c(F)cc3c(=O)c(C(=O)[O-])cn1c23,train
CC1Cc2ccccc2N1NC(=O)c1ccc(Cl)c(S(N)(=O)=O)c1,train
CC1[NH2+]CCOC1c1ccccc1,train
CCC(=O)C(CC(C)[NH+](C)C)(c1ccccc1)c1ccccc1,train
CCC(=O)N(c1ccccc1)C1(C(=O)OC)CC[NH+](CCC(=O)OC)CC1,train
CCC(=O)N(c1ccccc1)C1(COC)CC[NH+](CCc2cccs2)CC1,train
CCC(=O)N(c1ccccc1)C1(COC)CC[NH+](CCn2nnn(CC)c2=O)CC1,train
CCC(=O)N(c1ccccc1)C1CC[NH+](CCc2ccccc2)CC1,train
CCC(=O)NCC[C@@H]1CCc2ccc3c(c21)CCO3,train
CCC(=O)OC(OP(=O)(CCCCc1ccccc1)CC(=O)N1C[C@H](C2CCCCC2)C[C@H]1C(=O)[O-])C(C)C,train
CCC(=O)OCC(=O)[C@@]1(OC(=O)CC)[C@@H](C)C[C@H]2[C@@H]3CCC4=CC(=O)C=C[C@]4(C)[C@@]3(Cl)[C@@H](O)C[C@@]21C,train
CCC(=O)OCC(=O)[C@@]1(OC(=O)CC)[C@H](C)C[C@H]2[C@H]3[C@H]([C@@H](O)C[C@@]21C)[C@@]1(C)C=CC(=O)C=C1C[C@H]3Cl,train
CCC(=O)OCCNC(=O)C[n+]1ccccc1,train
CCC(=O)O[C@@](Cc1ccccc1)(c1ccccc1)[C@@H](C)C[NH+](C)C,train
CCC(=O)O[C@H]1CC[C@H]2[C@@H]3CCC4=CC(=O)CC[C@]4(C)[C@H]3CC[C@]12C,train
CCC(=O)O[C@H]1CC[C@H]2[C@@H]3CC[C@H]4CC(=O)[C@H](C)C[C@]4(C)[C@H]3CC[C@]12C,train
CCC(=O)O[C@H]1[C@H](O[C@@H]2[C@@H](C)[C@H](O[C@H]3C[C@@](C)(OC)[C@@H](O)[C@H](C)O3)[C@@H](C)C(=O)O[C@H](CC)[C@@](C)(O)[C@H](O)[C@@H](C)C(=O)[C@H](C)C[C@@]2(C)O)O[C@H](C)C[C@@H]1[NH+](C)C,train
CCC(=O)O[C@](Cc1ccccc1)(c1ccccc1)[C@H](C)C[NH+](C)C,train
CCC(=O)O[C@]1(C(=O)CCl)[C@@H](C)CC2C3C[C@H](F)C4=CC(=O)C=CC4(C)[C@@]3(F)C(O)CC21C,train
CCC(=O)O[C@]1(C(=O)CCl)[C@@H](C)C[C@H]2[C@@H]3CCC4=CC(=O)C=C[C@]4(C)[C@@]3(F)[C@@H](O)C[C@@]21C,train
CCC(=O)O[C@]1(C(=O)SCF)[C@H](C)C[C@H]2[C@@H]3C[C@H](F)C4=CC(=O)C=C[C@]4(C)[C@@]3(F)[C@@H](O)C[C@@]21C,train
CCC(=O)[C@@]1(C)[C@H](C)CC2C3CCC4=CC(=O)C=C[C@]4(C)C3[C@@H](O)C[C@@]21C,train
CCC(=O)c1ccc2c(c1)N(CC(C)[NH+](C)C)c1ccccc1S2,train
CCC(C)(C)C(=O)O[C@H]1C[C@@H](C)C=C2C=C[C@H](C)[C@H](CC[C@@H]3C[C@@H](O)CC(=O)O3)[C@H]21,train
CCC(C)(C)C1C(=O)N2CCCC2C2(O)OC(NC(=O)C3CC4c5cccc6[nH]cc(c56)CC4[NH+](C)C3)(C(C)C)C(=O)N12,train
CCC(C)C(C)(COC(N)=O)COC(N)=O,train
CCC(C)C([NH3+])C1=NC(C(=O)NC(CC(C)C)C(=O)NC(CCC(=O)[O-])C(=O)NC(C(=O)NC2CCCCNC(=O)C(CC(N)=O)NC(=O)C(CC(=O)[O-])NC(=O)C(CC3C=NC=[NH+]3)NC(=O)C(Cc3ccccc3)NC(=O)C(C(C)CC)NC(=O)C(CCC[NH3+])NC2=O)C(C)CC)CS1,train
CCC(C)C1(CC)C(=O)NC(=O)NC1=O,train
CCC(C)C1NC(=O)C(Cc2ccc(O)cc2)NC(=O)C([NH3+])CSSCC(C(=O)N2CCCC2C(=O)NC(CC(C)C)C(=O)NCC(N)=O)NC(=O)C(CC(N)=O)NC(=O)C(C(C)O)NC1=O,train
CCC(C)CCCC(=O)N[C@@H](CC[NH3+])C(=O)N[C@H](C(=O)N[C@@H](CC[NH3+])C(=O)N[C@H]1CCNC(=O)[C@H]([C@@H](C)O)NC(=O)[C@H](CC[NH3+])NC(=O)[C@H](CC[NH3+])NC(=O)[C@H](CC(C)C)NC(=O)[C@@H](CC(C)C)NC(=O)[C@H](CC[NH3+])NC1=O)[C@@H](C)O,train
CCC(C)CCCCC(=O)NC(CC[NH3+])C(=O)NC(C(=O)NC(CC[NH3+])C(=O)NC1CCNC(=O)C(C(C)O)NC(=O)C(CC[NH3+])NC(=O)C(CC[NH3+])NC(=O)C(CC(C)C)NC(=O)C(Cc2ccccc2)NC(=O)C(CC[NH3+])NC1=O)C(C)O,train
CCC(C)n1ncn(-c2ccc(N3CCN(c4ccc(OC[C@H]5CO[C@](Cn6cncn6)(c6ccc(Cl)cc6Cl)O5)cc4)CC3)cc2)c1=O,train
CCC(Cc1c(I)cc(I)c(N)c1I)C(=O)[O-],train
CCC([NH2+]C(C)C)C(O)c1ccc(O)c(O)c1,train
CCC(c1ccccc1)c1c([O-])c2ccccc2oc1=O,train
CCC1(C)CC(=O)NC1=O,train
CCC1(C)OC(=O)N(C)C1=O,train
CCC1(CC)C(=O)NC(=O)N(C)C1=O,train
CCC1(CC)C(=O)NCC(C)C1=O,train
CCC1(c2ccc(N)cc2)CCC(=O)NC1=O,train
CCC1(c2ccccc2)C(=O)NCNC1=O,train
CCC1(c2ccccc2)CCC(=O)NC1=O,train
CCC1(c2ccccc2)NC(=O)N(C)C1=O,train
CCC1(c2ccccc2)SCC(=O)NC1=O,train
CCC1=C(C)CN(C(=O)NCCc2ccc(S(=O)(=O)[N-]C(=O)NC3CCC(C)CC3)cc2)C1=O,train
CCC1=CC2C[NH+](C1)Cc1c([nH]c3ccccc13)[C@@](C(=O)OC)(c1cc3c(cc1OC)N(C)[C@H]1[C@@](O)(C(=O)OC)[C@H](OC(C)=O)[C@]4(CC)C=CC[NH+]5CC[C@]31[C@@H]54)C2,train
CCC1=C[C@@H]2CN(C1)Cc1c([nH]c3ccccc13)[C@@](C(=O)OC)(c1cc3c(cc1OC)N(C)[C@H]1[C@@](O)(C(=O)OC)[C@H](OC(C)=O)[C@]4(CC)C=CCN5CC[C@]31[C@@H]54)C2,train
CCC1NC(=O)c2cc(S(N)(=O)=O)c(Cl)cc2N1,train
CCCC(=O)Nc1c(I)cc(I)c(CC(CC)C(=O)[O-])c1I,train
CCCC(=O)Nc1ccc(OCC(O)C[NH2+]C(C)C)c(C(C)=O)c1,train
CCCC(=O)OCOC(=O)C1=C(C)NC(C)=C(C(=O)OC)C1c1cccc(Cl)c1Cl,train
CCCC(=O)O[C@]1(C(=O)CO)CC[C@H]2[C@@H]3CCC4=CC(=O)CC[C@]4(C)[C@H]3[C@@H](O)C[C@@]21C,train
CCCC(=O)O[C@]1(C(=O)COC(=O)CC)CC[C@H]2[C@@H]3CCC4=CC(=O)CC[C@]4(C)[C@H]3[C@@H](O)C[C@@]21C,train
CCCC(=O)O[C@]1(C(=O)COC(C)=O)CC[C@H]2[C@@H]3C[C@H](F)C4=CC(=O)C=C[C@]4(C)[C@@]3(F)[C@@H](O)C[C@@]21C,train
CCCC(C)(COC(N)=O)COC(=O)NC(C)C,train
CCCC(C)(COC(N)=O)COC(N)=O,train
CCCC(C)C1(CC)C(=O)NC(=O)NC1=O,train
CCCC(C)C1(CC)C(=O)NC(=S)NC1=O,train
CCCC(CCC)C(=O)O[C@H]1C[C@H]2CC[C@@H](C1)[N+]2(C)C,train
CCCC(CCC)C(=O)[O-],train
CCCC1O[C@@H]2C[C@H]3[C@@H]4CCC5=CC(=O)C=C[C@]5(C)[C@H]4[C@@H](O)C[C@]3(C)[C@]2(C(=O)CO)O1,train
CCCCC(=O)N(Cc1ccc(-c2ccccc2-c2nnn[n-]2)cc1)[C@H](C(=O)[O-])C(C)C,train
CCCCC(=O)OCC(=O)[C@]1(O)Cc2c([O-])c3c(c([O-])c2[C@@H](OC2CC(NC(=O)C(F)(F)F)C(O)C(C)O2)C1)C(=O)c1c(OC)cccc1C3=O,train
CCCCC(=O)O[C@H]1CC[C@H]2[C@@H]3CCc4cc(O)ccc4[C@H]3CC[C@]12C,train
CCCCC(=O)O[C@]1(C(=O)CO)CC[C@H]2[C@@H]3CCC4=CC(=O)CC[C@]4(C)[C@H]3[C@@H](O)C[C@@]21C,train
CCCCC(=O)O[C@]1(C(=O)CO)[C@@H](C)C[C@H]2[C@@H]3CCC4=CC(=O)C=C[C@]4(C)[C@@]3(F)[C@@H](O)C[C@@]21C,train
CCCCC(C)(O)C/C=C/[C@H]1[C@H](O)CC(=O)[C@@H]1CCCCCCC(=O)OC,train
CCCCC(CC)COC(=O)/C=C/c1ccc(OC)cc1,train
CCCCC(CC)COC(=O)C(C#N)=C(c1ccccc1)c1ccccc1,train
CCCCC(F)(F)[C@@]1(O)CC[C@@H]2[C@H](CCCCCCC(=O)[O-])C(=O)C[C@H]2O1,train
CCCCCC(=O)O[C@]1(C(C)=O)CC[C@H]2[C@@H]3CCC4=CC(=O)CC[C@]4(C)[C@H]3CC[C@@]21C,train
CCCCCCC(=O)OCCN1CC[NH+](CCCN2c3ccccc3Sc3ccc(C(F)(F)F)cc32)CC1,train
CCCCCCC(=O)O[C@H]1CC[C@H]2[C@@H]3CCC4=CC(=O)CC[C@]4(C)[C@H]3CC[C@]12C,train
CCCCCCC(C)(C)c1cc(O)c2c(c1)OC(C)(C)[C@@H]1CCC(=O)C[C@@H]21,train
CCCCCCCC(=O)CC[C@@H]1[C@@H](C/C=C\CCCC(=O)OC(C)C)[C@@H](O)C[C@H]1O,train
CCCCCCCC(=O)OCC(O)CO,train
CCCCCCCC/C=C\CCCCCCCC(=O)[O-],train
CCCCCCCCCC(=O)N[C@@H](Cc1c[nH]c2ccccc12)C(=O)N[C@H](CC(N)=O)C(=O)N[C@@H](CC(=O)[O-])C(=O)N[C@@H]1C(=O)NCC(=O)N[C@@H](CCC[NH3+])C(=O)N[C@@H](CC(=O)[O-])C(=O)N[C@H](C)C(=O)N[C@@H](CC(=O)[O-])C(=O)NCC(=O)N[C@H](CO)C(=O)N[C@@H]([C@H](C)CC(=O)[O-])C(=O)N[C@@H](CC(=O)c2ccccc2N)C(=O)O[C@@H]1C,train
CCCCCCCCCC(=O)OCCN1CC[NH+](CCCN2c3ccccc3Sc3ccc(C(F)(F)F)cc32)CC1,train
CCCCCCCCCC(=O)O[C@H]1CC[C@H]2[C@@H]3CCC4=CC(=O)CC[C@@H]4[C@H]3CC[C@]12C,train
CCCCCCCCCCCC(=O)OCCNC(=O)C[n+]1ccccc1,train
CCCCCCCCCCCCCC(=O)OC[C@H](COP(=O)([O-])OCC[N+](C)(C)C)OC(=O)CCCCCCCCCCCCC,train
CCCCCCCCCCCCCCCC(=O)OC/C=C(C)/C=C/C=C(C)/C=C/C1=C(C)CCCC1(C)C,train
CCCCCCCCCCCCCCCC(=O)OCC(COP(=O)([O-])OCC[N+](C)(C)C)OC(=O)CCCCCCCCCCCCCCC,train
CCCCCCCCCCCCCCCC(=O)O[C@@H]1CCCn2c1nc(C)c(CC[NH+]1CCC(c3noc4cc(F)ccc34)CC1)c2=O,train
CCCCCCCCCCCCCCCC(=O)O[C@@H]1[C@@H](O)[C@@H](O)[C@@H](C(NC(=O)[C@@H]2C[C@@H](CCC)C[NH+]2C)C(C)Cl)O[C@@H]1SC,train
CCCCCCCCCCCCCCCCCCCCCCO,train
CCCCCCCCCCCCCCCCO,train
CCCCCCCCCCCCCCCC[N+](C)(C)CCN(Cc1ccc(OC)cc1)c1ncccn1,train
CCCCCCCCCCCCCCOS(=O)(=O)[O-],train
CCCCCCCCCCCCOCCOCCOCCOCCOCCOCCOCCOCCOCCO,train
CCCCCCCCCCC[C@@H](C[C@@H]1OC(=O)[C@H]1CCCCCC)OC(=O)[C@H](CC(C)C)NC=O,train
CCCCCCCCCCNCC[NH2+][C@@]1(C)C[C@H](O[C@H]2[C@H](Oc3c4cc5cc3Oc3ccc(cc3Cl)[C@@H](O)[C@@H](NC(=O)[C@@H](CC(C)C)[NH2+]C)C(=O)N[C@@H](CC(N)=O)C(=O)N[C@H]5C(=O)N[C@H]3C(=O)N[C@H](C(=O)N[C@H](C(=O)[O-])c5cc(O)c(C[NH2+]CP(=O)([O-])[O-])c(O)c5-c5cc3ccc5O)[C@H](O)c3ccc(c(Cl)c3)O4)O[C@H](CO)[C@@H](O)[C@@H]2O)O[C@@H](C)[C@H]1O,train
CCCCCCCCC[NH+]1C[C@H](O)[C@@H](O)[C@H](O)[C@H]1CO,train
CCCCCCCCCc1ccc(OCCOCCOCCOCCOCCOCCOCCOCCOCCO)cc1,train
CCCCCCCCc1ccc(CCC([NH3+])(CO)CO)cc1,train
CCCCCCC[NH+](CC)CCCC(O)c1ccc(NS(C)(=O)=O)cc1,train
CCCCCCOC(=O)/[NH+]=C(/N)c1ccc(NCc2nc3cc(C(=O)N(CCC(=O)OCC)c4ccccn4)ccc3n2C)cc1,train
CCCCCCOC(=O)CCC(=O)C[NH3+],train
CCCCCNC(=[NH2+])N/N=C/c1c[nH]c2ccc(OC)cc12,train
CCCCCOc1ccc(-c2cc(-c3ccc(C(=O)N[C@H]4C[C@@H](O)[C@@H](O)NC(=O)[C@@H]5[C@@H](O)[C@@H](C)CN5C(=O)[C@H]([C@H](O)CC(N)=O)NC(=O)[C@H]([C@H](O)[C@@H](O)c5ccc(O)c(OS(=O)(=O)[O-])c5)NC(=O)[C@@H]5C[C@@H](O)CN5C(=O)[C@H]([C@@H](C)O)NC4=O)cc3)no2)cc1,train
CCCCCOc1ccc(-c2ccc(-c3ccc(C(=O)N[C@H]4C[C@@H](O)[C@@H](O)NC(=O)[C@@H]5[C@@H](O)[C@@H](C)CN5C(=O)[C@H]([C@@H](C)O)NC(=O)[C@H]([C@H](O)[C@@H](O)c5ccc(O)cc5)NC(=O)[C@@H]5C[C@@H](O)CN5C(=O)[C@H]([C@@H](C)O)NC4=O)cc3)cc2)cc1,train
CCCCC[C@@H](O)CC[C@H]1[C@@H]2Cc3cccc(OCC(=O)[O-])c3C[C@@H]2C[C@@H]1O,train
CCCCC[C@H](O)/C=C/[C@@H]1[C@@H](C/C=C\CCCC(=O)[O-])[C@@H](O)C[C@H]1O,train
CCCCC[C@H](O)/C=C/[C@H]1[C@H](O)CC(=O)[C@@H]1C/C=C\CCCC(=O)[O-],train
CCCCC[C@H](O)/C=C/[C@H]1[C@H](O)CC(=O)[C@@H]1CCCCCCC(=O)[O-],train
CCCCC[NH+](C)CCC(O)(P(=O)([O-])[O-])P(=O)([O-])[O-],train
CCCCCc1cc(O)c2c(c1)OC(C)(C)[C@@H]1CCC(C)=C[C@@H]21,train
CCCCN1C(=O)[C@@H]([C@H](O)C2CCCCC2)NC(=O)C12CCN(Cc1ccc(Oc3ccc(C(=O)O)cc3)cc1)CC2,train
CCCCNC(=O)[N-]S(=O)(=O)c1ccc(C)cc1,train
CCCCNc1cc(C(=O)[O-])cc(S(N)(=O)=O)c1Oc1ccccc1,train
CCCCNc1ccc(C(=O)OCCOCCOCCOCCOCCOCCOCCOCCOCCOC)cc1,train
CCCCNc1ccc(C(=O)OCC[NH+](C)C)cc1,train
CCCCOCCOCCOCc1cc2c(cc1CCC)OCO2,train
CCCCOc1cc(C(=O)NCC[NH+](CC)CC)c2ccccc2n1,train
CCCCOc1cc(C(=O)OCC[NH+](CC)CC)ccc1N,train
CCCCOc1ccc(C(=O)CC[NH+]2CCCCC2)cc1,train
CCCCOc1ccc(OCCC[NH+]2CCOCC2)cc1,train
CCCCS(=O)(=O)N[C@@H](Cc1ccc(OCCCCC2CC[NH2+]CC2)cc1)C(=O)[O-],train
CCCC[NH+](CCCC)CC(O)c1cc(Cl)cc2c1-c1ccc(Cl)cc1/C2=C/c1ccc(Cl)cc1,train
CCCC[NH+](CCCC)CCC(O)c1cc2c(Cl)cc(Cl)cc2c2cc(C(F)(F)F)ccc12,train
CCCC[NH+]1CCCCC1C(=O)Nc1c(C)cccc1C,train
CCCC[NH+]1CCCC[C@H]1C(=O)Nc1c(C)cccc1C,train
CCCC[NH+]1C[C@H](O)[C@@H](O)[C@H](O)[C@H]1CO,train
CCCCc1[nH+]cc(/C=C(\Cc2cccs2)C(=O)[O-])n1Cc1ccc(C(=O)[O-])cc1,train
CCCCc1oc2ccc(NS(C)(=O)=O)cc2c1C(=O)c1ccc(OCCC[NH+](CCCC)CCCC)cc1,train
CCCCc1oc2ccccc2c1C(=O)c1cc(I)c(OCC[NH+](CC)CC)c(I)c1,train
CCCN(CCC)S(=O)(=O)c1ccc(C(=O)[O-])cc1,train
CCCNC(=O)[N-]S(=O)(=O)c1ccc(Cl)cc1,train
CCCOC(=O)Cn1cc(I)c(=O)c(I)c1,train
CCCOc1cc(N)ccc1C(=O)OCC[NH+](CC)CC,train
CCCOc1ccc(C(=O)OCC[NH+](CC)CC)cc1N,train
CCCSc1ccc2[nH]c(NC(=O)OC)nc2c1,train
CCCSc1nc(N[C@@H]2C[C@H]2c2ccc(F)c(F)c2)c2nnn([C@@H]3C[C@H](OCCO)[C@@H](O)[C@H]3O)c2n1,train
CCC[C@@H]1C[C@@H](C(=O)NC(C(C)Cl)[C@H]2O[C@H](SC)[C@H](O)[C@@H](O)[C@H]2O)[NH+](C)C1,train
CCC[C@@H]1C[C@@H](C(=O)N[C@@H]([C@H]2O[C@H](SC)[C@H](O)[C@@H](O)[C@H]2O)[C@@H](C)O)[NH+](C)C1,train
CCC[C@@]1(CCc2ccccc2)CC([O-])=C([C@H](CC)c2cccc([N-]S(=O)(=O)c3ccc(C(F)(F)F)cn3)c2)C(=O)O1,train
CCC[C@H](NC(=O)[C@@H]1[C@H]2CCC[C@H]2CN1C(=O)[C@@H](NC(=O)[C@@H](NC(=O)c1cnccn1)C1CCCCC1)C(C)(C)C)C(=O)C(=O)NC1CC1,train
CCC[C@H]([NH2+][C@@H](C)C(=O)N1[C@H](C(=O)[O-])C[C@@H]2CCCC[C@@H]21)C(=O)OCC,train
CCC[NH+](CC)C(CC)C(=O)Nc1c(C)cccc1C,train
CCC[NH+](CCC)CCc1cccc2c1CC(=O)N2,train
CCC[NH+](CCc1cccs1)[C@H]1CCc2c(O)cccc2C1,train
CCC[NH+]1CCCC[C@H]1C(=O)Nc1c(C)cccc1C,train
CCC[NH+]1C[C@H](CSC)C[C@@H]2c3cccc4[nH]cc(c34)C[C@H]21,train
CCC[NH2+]C(C)C(=O)Nc1c(C)csc1C(=O)OC,train
CCC[NH2+]C(C)C(=O)Nc1ccccc1C,train
CCC[NH2+]CC(O)COc1ccccc1C(=O)CCc1ccccc1,train
CCC[NH2+][C@H]1CCc2nc(N)sc2C1,train
CCCc1c2oc(C(=O)[O-])cc(=O)c2cc2c(=O)cc(C(=O)[O-])n(CC)c12,train
CCCc1cc(=O)[nH]c(=S)[nH]1,train
CCCc1nc(C(C)(C)O)c(C(=O)OCc2oc(=O)oc2C)n1Cc1ccc(-c2ccccc2-c2nn[n-]n2)cc1,train
CCCc1nc(C)c2c(=O)nc(-c3cc(S(=O)(=O)N4CC[NH+](CC)CC4)ccc3OCC)[nH]n12,train
CCCc1nc2c(C)cc(-c3nc4ccccc4n3C)cc2n1Cc1ccc(-c2ccccc2C(=O)[O-])cc1,train
CCCc1nn(C)c2c(=O)[nH]c(-c3cc(S(=O)(=O)N4CC[NH+](C)CC4)ccc3OCC)nc12,train
CCN(C(C)=O)c1cccc(-c2ccnc3c(C#N)cnn23)c1,train
CCN(C)C(=O)Oc1cccc([C@H](C)[NH+](C)C)c1,train
CCN(CC)C(=O)/C(C#N)=C/c1cc(O)c([O-])c([N+](=O)[O-])c1,train
CCN(CC)C(=O)C1C[NH+]2CCc3cc(OC)c(OC)cc3C2CC1OC(C)=O,train
CCN(CC)C(=O)N1CC[NH+](C)CC1,train
CCN(CC)C(=O)[C@]1(c2ccccc2)C[C@@H]1C[NH3+],train
CCN(CC)C(=S)SSC(=S)N(CC)CC,train
CCN(CC)CC(=O)Nc1c(C)cccc1C,train
CCN(CC)CCNC(=O)c1c(C)[nH]c(/C=C2\C(=O)Nc3ccc(F)cc32)c1C,train
CCN(CC)CCNC(=O)c1c(C)[nH]c(/C=C2\C(=O)Nc3ccc(F)cc32)c1C.O=C(O)C[C@H](O)C(=O)O,train
CCN(CC)CCS(=O)(=O)[C@@H]1CCN2C(=O)c3coc(n3)CC(=O)C[C@H](O)/C=C(C)/C=C/CNC(=O)/C=C/[C@@H](C)[C@@H](C(C)C)OC(=O)C12,train
CCN(CC)c1ccc(C(=C2C=CC(=[N+](CC)CC)C=C2)c2cc(S(=O)(=O)[O-])ccc2S(=O)(=O)[O-])cc1,train
CCN(Cc1ccncc1)C(=O)C(CO)c1ccccc1,train
CCN1C(=O)NC(c2ccccc2)C1=O,train
CCN1CC(CC[NH+]2CCOCC2)C(c2ccccc2)(c2ccccc2)C1=O,train
CCN1CCN(C(=O)N[C@@H](C(=O)N[C@@H]2C(=O)N3C(C(=O)[O-])=C(CSc4nnnn4C)CS[C@H]23)c2ccc(O)cc2)C(=O)C1=O,train
CCN1CCN(C(=O)N[C@@H](C(=O)N[C@@H]2C(=O)N3[C@@H]2SC(C)(C)[C@@H]3C(=O)[O-])c2ccccc2)C(=O)C1=O,train
CCNC(=O)CCC/C=C\C[C@@H]1[C@@H](/C=C/[C@@H](O)CCc2ccccc2)[C@H](O)C[C@@H]1O,train
CCNC(=O)[C@@H]1CCCN1C(=O)[C@H](CCCNC(N)=[NH2+])NC(=O)[C@H](CC(C)C)NC(=O)[C@@H](CC(C)C)NC(=O)[C@H](Cc1ccc(O)cc1)NC(=O)[C@H](CO)NC(=O)[C@H](Cc1c[nH]c2ccccc12)NC(=O)[C@H](Cc1cnc[nH]1)NC(=O)[C@@H]1CCC(=O)N1,train
CCNC(=O)[C@@H]1CCCN1C(=O)[C@H](CCCNC(N)=[NH2+])NC(=O)[C@H](CC(C)C)NC(=O)[C@@H](Cc1cn(Cc2ccccc2)cn1)NC(=O)[C@H](Cc1ccc(O)cc1)NC(=O)[C@H](CO)NC(=O)[C@H](Cc1c[nH]c2ccccc12)NC(=O)[C@H](Cc1cnc[nH]1)NC(=O)[C@@H]1CCC(=O)N1,train
CCNC(NCC)=[NH+]CCCC[C@H](NC(=O)[C@H](CC(C)C)NC(=O)[C@@H](CCCC[NH+]=C(NCC)NCC)NC(=O)[C@H](Cc1ccc(O)cc1)NC(=O)[C@H](CO)NC(=O)[C@@H](Cc1cccnc1)NC(=O)[C@@H](Cc1ccc(Cl)cc1)NC(=O)[C@@H](Cc1ccc2ccccc2c1)NC(C)=O)C(=O)N1CCC[C@H]1C(=O)N[C@H](C)C(N)=O,train
CCO,train
CCO/N=C(\C(=O)N[C@@H]1C(=O)N2C(C(=O)[O-])=C(Sc3nc(-c4cc[n+](C)cc4)cs3)CS[C@H]12)c1nsc(NP(=O)([O-])[O-])n1,train
CCOC(=O)/C=C(C)/C=C/C=C(C)/C=C/c1c(C)cc(OC)c(C)c1C,train
CCOC(=O)C(C)(C)Oc1ccc(Cl)cc1,train
CCOC(=O)C1(c2ccccc2)CC[NH+](C)CC1,train
CCOC(=O)C1(c2ccccc2)CC[NH+](CCC(C#N)(c2ccccc2)c2ccccc2)CC1,train
CCOC(=O)C1(c2ccccc2)CC[NH+](CCc2ccc(N)cc2)CC1,train
CCOC(=O)C1=C(C)NC(C)=C(C(=O)OC)C1c1cccc(Cl)c1Cl,train
CCOC(=O)C1=C(COCC[NH3+])NC(C)=C(C(=O)OC)C1c1ccccc1Cl,train
CCOC(=O)C1=C[C@@H](OC(CC)CC)[C@H](NC(C)=O)[C@@H]([NH3+])C1,train
CCOC(=O)CC(SP(=S)(OC)OC)C(=O)OCC,train
CCOC(=O)CCCCCCCCC(C)c1ccccc1I,train
CCOC(=O)N1CCC(=C2c3ccc(Cl)cc3CCc3cccnc32)CC1,train
CCOC(=O)Nc1ccc(NCc2ccc(F)cc2)cc1N,train
CCOC(=O)Nc1ccc2c(c1)N(C(=O)CC[NH+]1CCOCC1)c1ccccc1S2,train
CCOC(=O)OC(C)OC(=O)[C@@H]1N2C(=O)[C@@H](NC(=O)[C@H]([NH3+])c3ccccc3)[C@H]2SC1(C)C,train
CCOC(=O)O[C@]1(C(=O)COC(=O)CC)CC[C@H]2[C@@H]3CCC4=CC(=O)C=C[C@]4(C)[C@H]3[C@@H](O)C[C@@]21C,train
CCOC(=O)O[C@]1(C(=O)OCCl)CC[C@H]2[C@@H]3CCC4=CC(=O)C=C[C@]4(C)[C@H]3[C@@H](O)C[C@@]21C,train
CCOC(=O)[C@@](C)([NH3+])Cc1ccc(O)c(O)c1,train
CCOC(=O)[C@H](CCc1ccccc1)[NH2+][C@@H](C)C(=O)N1CC2(C[C@H]1C(=O)[O-])SCCS2,train
CCOC(=O)[C@H](CCc1ccccc1)[NH2+][C@@H](C)C(=O)N1CCC[C@H]1C(=O)[O-],train
CCOC(=O)[C@H](CCc1ccccc1)[NH2+][C@@H](C)C(=O)N1Cc2cc(OC)c(OC)cc2C[C@H]1C(=O)[O-],train
CCOC(=O)[C@H](CCc1ccccc1)[NH2+][C@@H](C)C(=O)N1Cc2ccccc2C[C@H]1C(=O)[O-],train
CCOC(=O)[C@H](CCc1ccccc1)[NH2+][C@@H](C)C(=O)N1[C@H](C(=O)[O-])C[C@@H]2CCC[C@@H]21,train
CCOC(=O)[C@H](CCc1ccccc1)[NH2+][C@@H](C)C(=O)N1[C@H](C(=O)[O-])C[C@H]2CCCC[C@@H]21,train
CCOC(=O)[C@H](CCc1ccccc1)[NH2+][C@H]1CCc2ccccc2N(CC(=O)[O-])C1=O,train
CCOC(=O)c1ccc(C#Cc2ccc3c(c2)C(C)(C)CCS3)nc1,train
CCOC(=O)c1cncn1C(C)c1ccccc1,train
CCOC(=O)c1ncn2c1CN(C)C(=O)c1cc(F)ccc1-2,train
CCOCCP(CCOCC)CCP(CCOCC)CCOCC,train
CCOCCn1c(N2CCC[NH+](C)CC2)nc2ccccc21,train
CCOP(=O)(OCC)SCC[N+](C)(C)C,train
CCOc1cc(CC(=O)N[C@@H](CC(C)C)c2ccccc2N2CCCCC2)ccc1C(=O)[O-],train
CCOc1ccc(-c2cc(C)cn2-c2ccc(S(N)(=O)=O)cc2)cc1,train
CCOc1ccc(CC(CN(CC[NH+](CC(=O)[O-])CC(=O)[O-])CC(=O)[O-])[NH+](CC(=O)[O-])CC(=O)[O-])cc1,train
CCOc1ccc2ccccc2c1C(=O)N[C@@H]1C(=O)N2[C@@H]1SC(C)(C)[C@@H]2C(=O)[O-],train
CCOc1ccc2nc(S(N)(=O)=O)sc2c1,train
CCOc1ccccc1OCC[NH2+][C@H](C)Cc1ccc(OC)c(S(N)(=O)=O)c1,train
CCOc1nc2cccc(C(=O)OCc3oc(=O)oc3C)c2n1Cc1ccc(-c2ccccc2-c2nc(=O)o[nH]2)cc1,train
CCS(=O)(=O)CCn1c([N+](=O)[O-])cnc1C,train
CCSc1ccc2c(c1)N(CCCN1CC[NH+](C)CC1)c1ccccc1S2,train
CC[C@@H](C(N)=O)N1CCCC1=O,train
CC[C@@H](C)C(=O)O[C@H]1[C@H](O)[C@H]2[C@@H](C[NH+]3C[C@@H](C)CC[C@H]3[C@@]2(C)O)[C@@H]2C[C@]34O[C@]5(O)[C@@H](OC(=O)[C@@](C)(O)CC)CC[C@@]3(C)[C@@H]5[C@@H](OC(C)=O)[C@@H](OC(C)=O)[C@H]4[C@@]21O,train
CC[C@@H](CO)NC(=O)[C@@H]1C=C2c3cccc4[nH]cc(c34)C[C@H]2[NH+](C)C1,train
CC[C@@H](CO)NC(=O)[C@@H]1C=C2c3cccc4c3c(cn4C)C[C@H]2[NH+](C)C1,train
CC[C@@H](CO)NCC[NH2+][C@@H](CC)CO,train
CC[C@@H]([C@H](C)O)n1ncn(-c2ccc(N3CCN(c4ccc(OC[C@@H]5CO[C@@](Cn6cncn6)(c6ccc(F)cc6F)C5)cc4)CC3)cc2)c1=O,train
CC[C@@H](c1cccc(O)c1)[C@@H](C)C[NH+](C)C,train
CC[C@@H]1/C=C(/C)C[C@H](C)C[C@H](OC)[C@H]2O[C@@](O)(C(=O)C(=O)N3CCCC[C@H]3C(=O)O[C@H](/C(C)=C/[C@@H]3CC[C@H](Cl)[C@H](OC)C3)[C@H](C)[C@@H](O)CC1=O)[C@H](C)C[C@@H]2OC,train
CC[C@@H]1C(=O)OC[C@@H]1Cc1cncn1C,train
CC[C@@]1(O)C(=O)OCc2c1cc1n(c2=O)Cc2cc3c(C[NH+](C)C)c(O)ccc3nc2-1,train
CC[C@H](C)C(=O)O[C@H]1C[C@@H](C)C=C2C=C[C@H](C)[C@H](CC[C@@H]3C[C@@H](O)CC(=O)O3)[C@H]21,train
CC[C@H](C)C(=O)O[C@H]1C[C@H](O)C=C2C=C[C@H](C)[C@H](CC[C@@H](O)C[C@@H](O)CC(=O)[O-])[C@H]21,train
CC[C@H](C)[C@@H]1NC(=O)[C@H](Cc2ccc(O)cc2)NC(=O)[C@@H]([NH3+])CSSC[C@@H](C(=O)N2CCC[C@H]2C(=O)N[C@@H](CC(C)C)C(=O)NCC(N)=O)NC(=O)[C@H](CC(N)=O)NC(=O)[C@H](CCC(N)=O)NC1=O,train
CC[C@H](C)[C@H]1O[C@]2(CC[C@@H]1C)C[C@@H]1C[C@@H](C/C=C(\C)[C@@H](O[C@H]3C[C@H](OC)[C@@H](O[C@H]4C[C@H](OC)[C@@H](O)[C@H](C)O4)[C@H](C)O3)[C@@H](C)/C=C/C=C3\CO[C@@H]4[C@H](O)C(C)=C[C@@H](C(=O)O1)[C@]34O)O2,train
CC[C@H](OC(C)=O)C(C[C@H](C)[NH+](C)C)(c1ccccc1)c1ccccc1,train
CC[C@H]1CCC[C@H](O[C@H]2CC[C@H]([NH+](C)C)[C@@H](C)O2)[C@@H](C)C(=O)C2=C[C@@H]3[C@@H](C=C(C)[C@@H]4C[C@@H](O[C@@H]5O[C@@H](C)[C@H](OC)[C@@H](OC)[C@H]5OC)C[C@@H]34)[C@@H]2CC(=O)O1,train
CC[C@H]1NC(=O)[C@@H](NC(=O)c2ncccc2O)[C@@H](C)OC(=O)[C@H](c2ccccc2)NC(=O)C2CC(=O)C(CS[C@@H]3C[NH+]4CCC3CC4)CN2C(=O)[C@H](Cc2ccc(N(C)C)cc2)N(C)C(=O)[C@@H]2CCCN2C1=O,train
CC[C@H]1OC(=O)[C@H](C)[C@@H](O[C@H]2C[C@@](C)(OC)[C@@H](O)[C@H](C)O2)C(C)[C@@H](O[C@@H]2O[C@H](C)C[C@H]([NH+](C)C)[C@H]2O)[C@](C)(O)C[C@@H](C)C[NH+](C)[C@H](C)[C@@H](O)[C@]1(C)O,train
CC[C@H]1OC(=O)[C@H](C)[C@@H](O[C@H]2C[C@@](C)(OC)[C@@H](O)[C@H](C)O2)[C@H](C)[C@@H](O[C@@H]2O[C@H](C)C[C@H]([NH+](C)C)[C@H]2O)[C@](C)(O)C[C@@H](C)C(=O)[C@H](C)[C@@H](O)[C@]1(C)O,train
CC[C@H]1OC(=O)[C@H](C)[C@@H](O[C@H]2C[C@@](C)(OC)[C@@H](O)[C@H](C)O2)[C@H](C)[C@@H](O[C@@H]2O[C@H](C)C[C@H]([NH+](C)C)[C@H]2O)[C@](C)(OC)C[C@@H](C)C(=O)[C@H](C)[C@@H](O)[C@]1(C)O,train
CC[C@]1(O)CC[C@H]2[C@@H]3CCC4=CCCC[C@@H]4[C@H]3CC[C@@]21C,train
CC[C@]1(O)C[C@H]2CN(CCc3c([nH]c4ccccc34)[C@@](C(=O)OC)(c3cc4c(cc3OC)N(C=O)[C@H]3[C@@](O)(C(=O)OC)[C@H](OC(C)=O)[C@]5(CC)C=CCN6CC[C@]43[C@@H]65)C2)C1,train
CC[C@]1(O)C[C@H]2CN(CCc3c([nH]c4ccccc34)[C@@](C(=O)OC)(c3cc4c(cc3OC)N(C=O)[C@H]3[C@@](O)(C(=O)OC)[C@H](OC(C)=O)[C@]5(CC)C=CCN6CC[C@]43[C@@H]65)C2)C1.O=S(=O)(O)O,train
CC[N+](C)(C)Cc1ccccc1Br,train
CC[N+](C)(C)c1cccc(O)c1,train
CC[N+](C)(CC)CCOC(=O)C(O)(c1ccccc1)C1CCCCC1,train
CC[N+](C)(CC)CCOC(=O)C1c2ccccc2Oc2ccccc21,train
CC[N+](CC)(CC)CCC(O)(c1ccccc1)C1CCCCC1,train
CC[N+](CC)(CC)CCOc1cccc(OCC[N+](CC)(CC)CC)c1OCC[N+](CC)(CC)CC,train
CC[N+](CC)(CCNC(=O)C(=O)NCC[N+](CC)(CC)Cc1ccccc1Cl)Cc1ccccc1Cl,train
CC[NH+](CC)C(C)C(=O)c1ccccc1,train
CC[NH+](CC)C(C)CN1c2ccccc2Sc2ccccc21,train
CC[NH+](CC)CC#CCOC(=O)C(O)(c1ccccc1)C1CCCCC1,train
CC[NH+](CC)CC(=O)Nc1c(C)cccc1C,train
CC[NH+](CC)CC(=O)OCC(=O)[C@@]1(O)CC[C@H]2[C@@H]3CCC4=CC(=O)CC[C@]4(C)[C@H]3[C@@H](O)C[C@@]21C,train
CC[NH+](CC)CCCC(C)Nc1cc[nH+]c2cc(Cl)ccc12,train
CC[NH+](CC)CCN1C(=O)CN=C(c2ccccc2F)c2cc(Cl)ccc21,train
CC[NH+](CC)CCNC(=O)c1c(C)[nH]c(/C=C2\C(=O)Nc3ccc(F)cc32)c1C,train
CC[NH+](CC)CCNC(=O)c1cc(Cl)c(N)cc1OC,train
CC[NH+](CC)CCNC(=O)c1ccc(N)cc1,train
CC[NH+](CC)CCOC(=O)C1(C2CCCCC2)CCCCC1,train
CC[NH+](CC)CCOC(=O)c1ccc(N)cc1,train
CC[NH+](CC)CCOC(=O)c1ccc(N)cc1Cl,train
CC[NH+](CC)CCOc1ccc(/C(=C(\Cl)c2ccccc2)c2ccccc2)cc1,train
CC[NH+](CC)Cc1cc(Nc2ccnc3cc(Cl)ccc23)ccc1O,train
CC[NH+](CCO)CCCC(C)Nc1cc[nH+]c2cc(Cl)ccc12,train
CC[NH2+][C@@H]1C[C@H]([NH3+])[C@@H](O[C@H]2OC(C[NH3+])=CC[C@H]2[NH3+])[C@H](O)[C@H]1O[C@H]1OC[C@](C)(O)[C@H]([NH2+]C)[C@H]1O,train
CC[NH2+][C@H]1CN(CCCOC)S(=O)(=O)c2sc(S(N)(=O)=O)cc21,train
CC[NH2+][C@H]1C[C@H](C)S(=O)(=O)c2sc(S(N)(=O)=O)cc21,train
CC[P](CC)(CC)=[Au][S][C@@H]1O[C@H](COC(C)=O)[C@@H](OC(C)=O)[C@H](OC(C)=O)[C@H]1OC(C)=O,train
CCc1c(C)[nH]c2c1C(=O)C(C[NH+]1CCOCC1)CC2,train
CCc1c(Cl)c([O-])c(Cl)c(O)c1C(=O)O[C@H]1[C@H](O)[C@H](OC)[C@H](OC/C2=C\C=C\C[C@H](O)/C(C)=C/[C@H](CC)[C@@H](O[C@@H]3OC(C)(C)[C@@H](OC(=O)C(C)C)[C@H](O)[C@@H]3O)/C(C)=C/C(C)=C/C[C@@H]([C@@H](C)O)OC2=O)O[C@@H]1C,train
CCc1c2c(nc3ccc(OC(=O)N4CCC(N5CCCCC5)CC4)cc13)-c1cc3c(c(=O)n1C2)COC(=O)[C@]3(O)CC,train
CCc1c2c(nc3ccc(OC(=O)N4CCC([NH+]5CCCCC5)CC4)cc13)-c1cc3c(c(=O)n1C2)COC(=O)[C@]3(O)CC,train
CCc1cc(C(N)=S)ccn1,train
CCc1cc2c(cc1CC)CC([NH2+]C[C@H](O)c1ccc(O)c3[nH]c(=O)ccc13)C2,train
CCc1ccc(CCOc2ccc(CC3SC(=O)NC3=O)cc2)nc1,train
CCc1ccc(CCOc2ccc(CC3SC(=O)[N-]C3=O)cc2)nc1,train
CCc1cccc2c3c([nH]c12)C(CC)(CC(=O)[O-])OCC3,train
CCc1nc(N)nc(N)c1-c1ccc(Cl)cc1,train
CCc1nn(CCC[NH+]2CCN(c3cccc(Cl)c3)CC2)c(=O)n1CCOc1ccccc1,train
CCn1cc(C(=O)[O-])c(=O)c2cc(F)c(N3CC[NH2+]C(C)C3)c(F)c21,train
CCn1cc(C(=O)[O-])c(=O)c2cc(F)c(N3CC[NH2+]CC3)cc21,train
CCn1cc(C(=O)[O-])c(=O)c2cc(F)c(N3CC[NH2+]CC3)nc21,train
CCn1cc(C(=O)[O-])c(=O)c2ccc(C)nc21,train
CCn1ccc([N-]S(=O)(=O)c2ccc(N)cc2)nc1=O,train
CCn1nc(C(=O)[O-])c(=O)c2cc3c(cc21)OCO3,train
CN(C(=O)CC(=O)N(C)c1c(I)c(C(=O)NC(CO)C(O)CO)c(I)c(C(=O)NC(CO)C(O)CO)c1I)c1c(I)c(C(=O)NC(CO)C(O)CO)c(I)c(C(=O)NC(CO)C(O)CO)c1I,train
CN(C)/C=[NH+]/c1c(I)cc(I)c(CCC(=O)[O-])c1I,train
CN(C)/N=N/c1[nH]cnc1C(N)=O,train
CN(C)C(=O)C(CC[NH+]1CCC(O)(c2ccc(Cl)cc2)CC1)(c1ccccc1)c1ccccc1,train
CN(C)C(=O)Oc1ccc[n+](C)c1,train
CN(C)C(=[NH2+])NC(N)=[NH2+],train
CN(C)N/N=C1/N=CN=C1C(N)=O,train
CN(C)c1cc(NC(=O)C[NH2+]C(C)(C)C)c([O-])c2c1C[C@H]1C[C@H]3[C@H]([NH+](C)C)C([O-])=C(C(N)=O)C(=O)[C@@]3(O)C([O-])=C1C2=O,train
CN(C)c1ccc(C(=C2C=CC(=[N+](C)C)C=C2)c2ccc(N(C)C)cc2)cc1,train
CN(C)c1cccc2cc(S(=O)(=O)[O-])ccc12,train
CN(C)c1nc(N(C)C)nc(N(C)C)n1,train
CN(CCCCCCCCCCN(C)C(=O)Oc1cccc([N+](C)(C)C)c1)C(=O)Oc1cccc([N+](C)(C)C)c1,train
CN(CCOc1ccc(CC2SC(=O)NC2=O)cc1)c1ccccn1,train
CN(CCOc1ccc(CC2SC(=O)NC2=O)cc1)c1ccccn1.O=C(O)/C=C\C(=O)O,train
CN(CCOc1ccc(CC2SC(=O)[N-]C2=O)cc1)c1ccccn1,train
CN(Cc1cnc2nc(N)nc(N)c2n1)c1ccc(C(=O)N[C@@H](CCC(=O)O)C(=O)O)cc1,train
CN(Cc1cnc2nc(N)nc(N)c2n1)c1ccc(C(=O)N[C@@H](CCC(=O)[O-])C(=O)[O-])cc1,train
CN(N=O)C(=O)N[C@@H]1[C@@H](O)[C@H](O)[C@@H](CO)O[C@@H]1O,train
CN/C(=C\[N+](=O)[O-])[NH2+]CCSCc1ccc(C[NH+](C)C)o1,train
CN/C(=C\[N+](=O)[O-])[NH2+]CCSCc1csc(C[NH+](C)C)n1,train
CN/C(=N\C#N)NCCSCc1nc[nH]c1C,train
CN/C(NCc1ccccc1)=[NH+]\C,train
CN1C(=O)C(O)N=C(c2ccccc2)c2cc(Cl)ccc21,train
CN1C(=O)CC(C)(c2ccccc2)C1=O,train
CN1C(=O)CC(c2ccccc2)C1=O,train
CN1C(=O)CCS(=O)(=O)C1c1ccc(Cl)cc1,train
CN1C(=O)CN=C(c2ccccc2)c2cc(Cl)ccc21,train
CN1C(=O)OC(C)(C)C1=O,train
CN1C(C(=O)Nc2ccccn2)=C(O)c2ccccc2S1(=O)=O,train
CN1C(CCl)Nc2cc(Cl)c(S(N)(=O)=O)cc2S1(=O)=O,train
CN1C(CSCC(F)(F)F)Nc2cc(Cl)c(S(N)(=O)=O)cc2S1(=O)=O,train
CN1CC(=O)N2[C@H](c3ccc4c(c3)OCO4)c3[nH]c4ccccc4c3C[C@@H]2C1=O,train
CN1CCC(CNc2ccc3ncc(-c4cccc(OC(F)(F)F)c4)n3n2)CC1,train
CN1CCC[NH+]=C1COC(=O)C(O)(c1ccccc1)C1CCCCC1,train
CN1CCN(c2ccc3c(c2)N/C(=C2\C(=O)N=c4cccc(F)c4=C2N)N3)CC1,train
CN1CC[NH+](CCCN2c3ccccc3Sc3ccc(Cl)cc32)CC1,train
CN1c2c([nH]c(N)nc2=O)NC[C@@H]1CNc1ccc(C(=O)N[C@@H](CCC(=O)[O-])C(=O)[O-])cc1,train
CNC(=O)CN(CCN(CC[NH+](CC(=O)[O-])CC(=O)NC)CC(=O)[O-])CC(=O)[O-],train
CNC(=O)c1c(C)c(C(=O)[O-])c(I)c(NC(C)=O)c1I,train
CNC(=O)c1c(I)c(C(=O)NCC(=O)Nc2c(I)c(C(=O)[O-])c(I)c(C(=O)NCCO)c2I)c(I)c(N(C)C(C)=O)c1I,train
CNC(=O)c1c(I)c(NC(C)=O)c(I)c(C(=O)[O-])c1I,train
CNC(=O)c1cc(Oc2ccc(NC(=O)Nc3ccc(Cl)c(C(F)(F)F)c3)cc2)ccn1.Cc1ccc(S(=O)(=O)O)cc1,train
CNC(=O)c1cnn(-c2nc(N)c3ncn([C@@H]4O[C@H](CO)[C@@H](O)[C@H]4O)c3n2)c1,train
CNC1=[NH+]c2ccc(Cl)cc2C(c2ccccc2)=[N+]([O-])C1,train
CNCC[C@H](Oc1cccc2ccccc12)c1cccs1,train
CNNCc1ccc(C(=O)NC(C)C)cc1,train
CNS(=O)(=O)CCc1ccc2[nH]cc(C3CC[NH+](C)CC3)c2c1,train
CNS(=O)(=O)Cc1ccc2[nH]cc(CC[NH+](C)C)c2c1,train
CO/N=C(\C(=O)N[C@@H]1C(=O)N2C(C(=O)OC(C)OC(C)=O)=C(COC(N)=O)CS[C@H]12)c1ccco1,train
CO/N=C(\C(=O)N[C@@H]1C(=O)N2C(C(=O)[O-])=C(COC(C)=O)CS[C@H]12)c1csc(N)n1,train
CO/N=C(\C(=O)N[C@@H]1C(=O)N2C(C(=O)[O-])=C(COC(N)=O)CS[C@H]12)c1ccco1,train
CO/N=C(\C(=O)N[C@@H]1C(=O)N2C(C(=O)[O-])=C(CSc3nc(=O)c(=O)[nH]n3C)CS[C@H]12)c1csc(N)n1,train
CO/N=C(\C(=O)N[C@@H]1C(=O)N2C(C(=O)[O-])=C(CSc3nnnn3C)CS[C@H]12)c1csc(N)n1,train
CO/N=C(\C(=O)N[C@@H]1C(=O)N2C(C(=O)[O-])=CCS[C@H]12)c1csc(N)n1,train
CO/N=C1\CN(c2nc3c(cc2F)c(=O)c(C(=O)[O-])cn3C2CC2)CC1C[NH3+],train
COC(=O)C(c1ccccc1)C1CCCC[NH2+]1,train
COC(=O)C1=C(C)NC(C)=C(C(=O)OC(C)C)C1c1cccc2nonc12,train
COC(=O)C1=C(C)NC(C)=C(C(=O)OC)C1c1ccccc1[N+](=O)[O-],train
COC(=O)C1=C(C)NC(C)=C(C(=O)OCC(C)C)C1c1ccccc1[N+](=O)[O-],train
COC(=O)C1=C(C)NC(C)=C(C(=O)OCC[NH+](C)Cc2ccccc2)C1c1cccc([N+](=O)[O-])c1,train
COC(=O)CCC(=O)C[NH3+],train
COC(=O)CCc1ccc(OCC(O)C[NH2+]C(C)C)cc1,train
COC(=O)Nc1nc2cc(C(=O)c3ccccc3)ccc2[nH]1,train
COC(=O)[C@H](c1ccccc1)[C@H]1CCCC[NH2+]1,train
COC(=O)[C@H](c1ccccc1Cl)[NH+]1CCc2sccc2C1,train
COC(=O)[C@H]1[C@H]2C[C@@H]3c4[nH]c5cc(OC)ccc5c4CC[NH+]3C[C@H]2C[C@@H](OC(=O)/C=C/c2cc(OC)c(OC)c(OC)c2)[C@@H]1OC,train
COC(=O)[C@H]1[C@H]2C[C@@H]3c4[nH]c5cc(OC)ccc5c4CC[NH+]3C[C@H]2C[C@@H](OC(=O)c2cc(OC)c(OC)c(OC)c2)[C@@H]1OC,train
COC(=O)[C@H]1[C@H]2C[C@@H]3c4[nH]c5ccccc5c4CC[NH+]3C[C@H]2C[C@@H](OC(=O)c2cc(OC)c(OC)c(OC)c2)[C@@H]1OC,train
COC(=O)c1ccccc1O,train
COC(CNC(=O)c1ccccc1OCC(=O)[O-])[CH2][Hg][OH],train
COC(CNC(N)=O)[CH2][Hg][Cl],train
COC(F)(F)C(Cl)Cl,train
COC(c1ccccc1)(c1ccccc1)[C@H](Oc1nc(C)cc(C)n1)C(=O)[O-],train
COC1=CC(=O)OC(/C=C/C2=CCCC=C2)C1,train
COCC(=O)Nc1c(I)c(C(=O)NCC(O)CO)c(I)c(C(=O)N(C)CC(O)CO)c1I,train
COCC1=C(C(=O)OC(C)OC(=O)OC(C)C)N2C(=O)[C@@H](NC(=O)/C(=N\OC)c3csc(N)n3)[C@H]2SC1,train
COCCCC/C(=N\OCC[NH3+])c1ccc(C(F)(F)F)cc1,train
COCCCOc1cc(C[C@@H](C[C@H]([NH3+])[C@@H](O)C[C@H](C(=O)NCC(C)(C)C(N)=O)C(C)C)C(C)C)ccc1OC,train
COCCCOc1ccnc(CS(=O)c2nc3ccccc3[nH]2)c1C,train
COCCNC(=O)CN(CCN(CC[NH+](CC(=O)[O-])CC(=O)NCCOC)CC(=O)[O-])CC(=O)[O-],train
COCCO,train
COCCOC(=O)C1=C(C)NC(C)=C(C(=O)OC(C)C)C1c1cccc([N+](=O)[O-])c1,train
COCCc1ccc(OCC(O)C[NH2+]C(C)C)cc1,train
COC[C@@H](NC(C)=O)C(=O)NCc1ccccc1,train
CO[C@@H]1[C@@H](OC(N)=O)[C@@H](O)[C@H](Oc2ccc3c([O-])c(NC(=O)c4ccc(O)c(CC=C(C)C)c4)c(=O)oc3c2C)OC1(C)C,train
CO[C@@]1(NC(=O)C(C(=O)[O-])c2ccc(O)cc2)C(=O)N2C(C(=O)[O-])=C(CSc3nnnn3C)CO[C@@H]21,train
CO[C@@]1(NC(=O)C2SC(=C(C(N)=O)C(=O)[O-])S2)C(=O)N2C(C(=O)[O-])=C(CSc3nnnn3C)CS[C@@H]21,train
CO[C@@]1(NC(=O)CSCC#N)C(=O)N2C(C(=O)[O-])=C(CSc3nnnn3C)CS[C@@H]21,train
CO[C@@]1(NC(=O)Cc2cccs2)C(=O)N2C(C(=O)[O-])=C(COC(N)=O)CS[C@@H]21,train
CO[C@@]12[C@H](COC(N)=O)C3=C(C(=O)C(C)=C(N)C3=O)N1C[C@@H]1N[C@@H]12,train
CO[C@@]12[C@H](COC(N)=O)C3=C(C(=O)C(C)=C([NH3+])C3=O)[NH+]1C[C@@H]1N[C@@H]12,train
CO[C@H](C(=O)[C@@H](O)[C@@H](C)O)[C@@H]1Cc2cc3cc(O[C@H]4C[C@@H](O[C@H]5C[C@@H](O)[C@H](O)[C@@H](C)O5)[C@H](O)[C@@H](C)O4)c(C)c(O)c3c([O-])c2C(=O)[C@H]1O[C@H]1C[C@@H](O[C@H]2C[C@@H](O[C@H]3C[C@](C)(O)[C@H](O)[C@@H](C)O3)[C@@H](O)[C@@H](C)O2)[C@H](O)[C@@H](C)O1,train
CO[C@H]1/C=C/O[C@@]2(C)Oc3c(C)c(O)c4c(O)c(c(/C=N/N5CC[NH+](C)CC5)c(O)c4c3C2=O)NC(=O)/C(C)=C\C=C\[C@H](C)[C@H](O)[C@@H](C)[C@@H](O)[C@@H](C)[C@H](OC(C)=O)[C@@H]1C,train
CO[C@H]1/C=C/O[C@@]2(C)Oc3c(C)c(O)c4c(O)c(c(/C=N/N5CC[NH+](C6CCCC6)CC5)c(O)c4c3C2=O)NC(=O)/C(C)=C\C=C\[C@H](C)[C@H](O)[C@@H](C)[C@@H](O)[C@@H](C)[C@H](OC(C)=O)[C@@H]1C,train
CO[C@H]1/C=C/O[C@@]2(C)Oc3c(C)c(O)c4c(O)c(c5c(nc6cc(C)ccn65)c4c3C2=O)NC(=O)/C(C)=C\C=C\[C@H](C)[C@H](O)[C@@H](C)[C@@H](O)[C@@H](C)[C@H](OC(C)=O)[C@@H]1C,train
CO[C@H]1/C=C/O[C@@]2(C)Oc3c(C)c([O-])c4c(c3C2=O)C2=NC3(CC[NH+](CC(C)C)CC3)[NH2+]C2=C(NC(=O)/C(C)=C\C=C\[C@H](C)[C@H](O)[C@@H](C)[C@@H](O)[C@@H](C)[C@H](OC(C)=O)[C@@H]1C)C4=O,train
CO[C@H]1C(=O)[C@]2(C)[C@@H](OC)C[C@H]3OC[C@@]3(OC(C)=O)[C@H]2[C@H](OC(=O)c2ccccc2)[C@]2(O)C[C@H](OC(=O)[C@H](O)[C@@H](NC(=O)OC(C)(C)C)c3ccccc3)C(C)=C1C2(C)C,train
CO[C@H]1CC2CC[C@@H](C)[C@@](O)(O2)C(=O)C(=O)N2CCCC[C@H]2C(=O)O[C@H]([C@H](C)C[C@@H]2CC[C@@H](OC(=O)C(C)(CO)CO)[C@H](OC)C2)CC(=O)[C@H](C)/C=C(\C)[C@@H](O)[C@@H](OC)C(=O)[C@H](C)C[C@H](C)/C=C/C=C/C=C/1C,train
CO[C@H]1C[C@@H]2CC[C@@H](C)[C@@](O)(O2)C(=O)C(=O)N2CCCC[C@H]2C(=O)O[C@H]([C@H](C)C[C@@H]2CC[C@@H](O)[C@H](OC)C2)CC(=O)[C@H](C)/C=C(\C)[C@@H](O)[C@@H](OC)C(=O)[C@H](C)C[C@H](C)/C=C/C=C/C=C/1C,train
CO[C@H]1C[C@@H]2CC[C@@H](C)[C@@](O)(O2)C(=O)C(=O)N2CCCC[C@H]2C(=O)O[C@H]([C@H](C)C[C@@H]2CC[C@@H](OCCO)[C@H](OC)C2)CC(=O)[C@H](C)/C=C(\C)[C@@H](O)[C@@H](OC)C(=O)[C@H](C)C[C@H](C)/C=C/C=C/C=C/1C,train
CO[C@H]1C[C@@H]2CC[C@@H](C)[C@@](O)(O2)C(=O)C(=O)N2CCCC[C@H]2C(=O)O[C@H]([C@H](C)C[C@@H]2CC[C@@H](OCCO)[C@H](OC)C2)CC(=O)[C@H](C)/C=C(\C)[C@@H](O)[C@@H](OC)C(=O)[C@H](C)C[C@H](C)/C=C\C=C\C=C\1C,train
CO[C@H]1O[C@H](COS(=O)(=O)[O-])[C@@H](O[C@@H]2O[C@@H](C(=O)[O-])[C@@H](O[C@H]3O[C@H](COS(=O)(=O)[O-])[C@@H](O[C@@H]4O[C@H](C(=O)[O-])[C@@H](O[C@H]5O[C@H](COS(=O)(=O)[O-])[C@@H](O)[C@H](O)[C@H]5NS(=O)(=O)[O-])[C@H](O)[C@H]4O)[C@H](OS(=O)(=O)[O-])[C@H]3NS(=O)(=O)[O-])[C@H](O)[C@H]2OS(=O)(=O)[O-])[C@H](O)[C@H]1NS(=O)(=O)[O-],train
CO[Si](C)(C)O[Si](C)(C)C,train
COc1c(C)c2c(c(O)c1C/C=C(\C)CCC(=O)OCCN1CCOCC1)C(=O)OC2,train
COc1c(C)c2c(c([O-])c1C/C=C(\C)CCC(=O)OCC[NH+]1CCOCC1)C(=O)OC2,train
COc1c(C)c2c(c([O-])c1C/C=C(\C)CCC(=O)[O-])C(=O)OC2,train
COc1c(N2CC[NH2+]C(C)C2)c(F)cc2c(=O)c(C(=O)[O-])cn(C3CC3)c12,train
COc1c(N2C[C@@H]3CCC[NH2+][C@@H]3C2)c(F)cc2c(=O)c(C(=O)[O-])cn(C3CC3)c12,train
COc1c2occc2cc2ccc(=O)oc12,train
COc1cc(C(=O)[N-]S(=O)(=O)c2ccccc2C)ccc1Cc1cn(C)c2ccc(NC(=O)OC3CCCC3)cc12,train
COc1cc(C(C)=O)ccc1OCCC[NH+]1CCC(c2noc3cc(F)ccc23)CC1,train
COc1cc(C)c(/C=C/C(C)=C/C=C/C(C)=C/C(=O)[O-])c(C)c1C,train
COc1cc(Cc2cnc(N)nc2N)cc(OC)c1OC,train
COc1cc(N)c(Cl)cc1C(=O)NC1CC[NH+](CCCOc2ccc(F)cc2)CC1OC,train
COc1cc(NC(C)CCC[NH3+])c2ncccc2c1,train
COc1cc(NCc2ccc3nc(N)nc(N)c3c2C)cc(OC)c1OC,train
COc1cc([C@@H]2c3cc4c(cc3[C@@H](O[C@@H]3O[C@@H]5COC(c6cccs6)O[C@H]5[C@H](O)[C@H]3O)[C@H]3COC(=O)[C@H]23)OCO4)cc(OC)c1O,train
COc1cc([C@@H]2c3cc4c(cc3[C@H](O)[C@H]3COC(=O)[C@H]23)OCO4)cc(OC)c1OC,train
COc1cc2c(c(OC)c1OC)-c1ccc(OC)c(=O)cc1[C@@H](NC(C)=O)CC2,train
COc1cc2c(cc1OC)C(=O)C(CC1CC[NH+](Cc3ccccc3)CC1)C2,train
COc1cc2c3cc1Oc1cc(ccc1O)C[C@@H]1c4c(cc(OC)c(O)c4Oc4ccc(cc4)C[C@@H]3[NH+](C)CC2)CC[N+]1(C)C,train
COc1cc2nc(N(C)CCCNC(=O)C3CCCO3)nc(N)c2cc1OC,train
COc1cc2nc(N3CCN(C(=O)C4CCCO4)CC3)nc(N)c2cc1OC,train
COc1cc2nc(N3CCN(C(=O)C4COc5ccccc5O4)CC3)nc(N)c2cc1OC,train
COc1cc2ncnc(Nc3ccc(F)c(Cl)c3)c2cc1OCCCN1CCOCC1,train
COc1cc2ncnc(Nc3ccc(F)c(Cl)c3)c2cc1OCCC[NH+]1CCOCC1,train
COc1ccc(-c2ccc3cc(C(=O)[O-])ccc3c2)cc1C12CC3CC(CC(C3)C1)C2,train
COc1ccc(C(=O)c2ccccc2)c(O)c1,train
COc1ccc(C(CN(C)C)C2(O)CCCCC2)cc1,train
COc1ccc(C(C[NH+](C)C)C2(O)CCCCC2)cc1,train
COc1ccc(C(Cl)=C(c2ccc(OC)cc2)c2ccc(OC)cc2)cc1,train
COc1ccc(C2C(=O)c3ccccc3C2=O)cc1,train
COc1ccc(CC(C)[NH2+]CC(O)c2ccc(O)c(NC=O)c2)cc1,train
COc1ccc(CC2c3cc(OC)c(OC)cc3CC[N+]2(C)CCC(=O)OCCCCCOC(=O)CC[N+]2(C)CCc3cc(OC)c(OC)cc3C2Cc2ccc(OC)c(OC)c2)cc1OC,train
COc1ccc(CC[NH+](C)CCCC(C#N)(c2ccc(OC)c(OC)c2)C(C)C)cc1OC,train
COc1ccc(CN(CC[NH+](C)C)c2ccccn2)cc1,train
COc1ccc(C[C@@H](C)[NH2+]C[C@H](O)c2ccc(O)c(NC=O)c2)cc1,train
COc1ccc(C[C@@H]2c3cc(OC)c(OC)cc3CC[N@+]2(C)CCC(=O)OCCCCCOC(=O)CC[N@@+]2(C)CCc3cc(OC)c(OC)cc3[C@H]2Cc2ccc(OC)c(OC)c2)cc1OC,train
COc1ccc(Cl)cc1C(=O)NCCc1ccc(S(=O)(=O)[N-]C(=O)NC2CCCCC2)cc1,train
COc1ccc(O)cc1,train
COc1ccc(OC)c(C(O)C(C)[NH3+])c1,train
COc1ccc(OC)c(C(O)CNC(=O)C[NH3+])c1,train
COc1ccc([C@@H]2Sc3ccccc3N(CC[NH+](C)C)C(=O)[C@@H]2OC(C)=O)cc1,train
COc1ccc2c(c1)N(C[C@H](C)C[NH+](C)C)c1ccccc1S2,train
COc1ccc2c(c1)[C@]13CCCC[C@@H]1[C@H](C2)[NH+](C)CC3,train
COc1ccc2c(c1)c(CC(=O)[O-])c(C)n2C(=O)c1ccc(Cl)cc1,train
COc1ccc2c3c1O[C@H]1C(=O)CC[C@@]4(O)[C@@H](C2)[NH+](C)CC[C@]314,train
COc1ccc2c3c1O[C@H]1C(=O)CC[C@H]4[C@@H](C2)[NH+](C)CC[C@]314,train
COc1ccc2c3c1O[C@H]1C[C@@H](O)C=C[C@@]31CCN(C)C2,train
COc1ccc2cc(CCC(C)=O)ccc2c1,train
COc1ccc2cc([C@H](C)C(=O)OCCCCO[N+](=O)[O-])ccc2c1,train
COc1ccc2cc([C@H](C)C(=O)[O-])ccc2c1,train
COc1ccc2cc1Oc1cc3c(cc1OC)CC[N+](C)(C)[C@H]3Cc1ccc(cc1)Oc1c(OC)c(OC)cc3c1[C@@H](C2)[N+](C)(C)CC3,train
COc1ccc2nc(S(=O)Cc3ncc(C)c(OC)c3C)[nH]c2c1,train
COc1cccc(OC)c1C(=O)N[C@@H]1C(=O)N2[C@@H]1SC(C)(C)[C@@H]2C(=O)[O-],train
COc1cccc([C@@]2(O)CCCC[C@@H]2CN(C)C)c1,train
COc1cccc([C@@]2(O)CCCC[C@@H]2C[NH+](C)C)c1,train
COc1cccc2c1C(=O)c1c(O)c3c(c(O)c1C2=O)C[C@@](O)(C(=O)CO)C[C@@H]3O[C@H]1C[C@H](N)[C@H](O)[C@H](C)O1.Cl,train
COc1cccc2c1C(=O)c1c(O)c3c(c(O)c1C2=O)C[C@@](O)(C(C)=O)C[C@@H]3O[C@H]1C[C@H](N)[C@H](O)[C@H](C)O1.Cl,train
COc1cccc2c1C(=O)c1c([O-])c3c(c([O-])c1C2=O)C[C@@](O)(C(=O)CO)C[C@@H]3O[C@H]1C[C@H]([NH3+])[C@@H](O)[C@H](C)O1,train
COc1cccc2c1C(=O)c1c([O-])c3c(c([O-])c1C2=O)C[C@@](O)(C(=O)CO)C[C@@H]3O[C@H]1C[C@H]([NH3+])[C@H](O)[C@H](C)O1,train
COc1cccc2c1C(=O)c1c([O-])c3c(c([O-])c1C2=O)C[C@@](O)(C(C)=O)C[C@@H]3O[C@H]1C[C@H]([NH3+])[C@H](O)[C@H](C)O1,train
COc1ccccc1OCC(O)CN1CC[NH+](CC(=O)Nc2c(C)cccc2C)CC1,train
COc1ccccc1OCC(O)CO,train
COc1ccccc1OCC(O)COC(N)=O,train
COc1ccccc1OCC[NH2+]CC(O)COc1cccc2[nH]c3ccccc3c12,train
COc1ccnc(CS(=O)c2nc3ccc(OC(F)F)cc3[nH]2)c1OC,train
COc1cnc([N-]S(=O)(=O)c2ccc(N)cc2)nc1,train
COc1nc(N)nc2c1ncn2[C@@H]1O[C@H](CO)[C@@H](O)[C@@H]1O,train
COc1ncnc([N-]S(=O)(=O)c2ccc(N)cc2)c1OC,train
CS(=O)(=O)O.Cc1ccc(NC(=O)c2ccc(CN3CCN(C)CC3)cc2)cc1Nc1nccc(-c2cccnc2)n1,train
CS(=O)(=O)O.Nc1ncnc2c1ncn2CCOC[P@@]1(=O)OCC[C@@H](c2cccc(Cl)c2)O1,train
CS(=O)(=O)c1ccc(C2=C(c3ccccc3)C(=O)OC2)cc1,train
CS(C)=O,train
CSc1ccc2c(c1)N(CCC1CCCC[NH+]1C)c1ccccc1S2,train
C[C@@H](Cc1ccccc1)NC(=O)[C@@H]([NH3+])CCCC[NH3+],train
C[C@@H](O)[C@H]1C(=O)N2C(C(=O)[O-])=C(S[C@@H]3C[NH2+][C@H](C(=O)N(C)C)C3)[C@H](C)[C@H]12,train
C[C@@H](O)[C@H]1C(=O)N2C(C(=O)[O-])=C(S[C@@H]3C[NH2+][C@H](CNS(N)(=O)=O)C3)[C@H](C)[C@H]12,train
C[C@@H]([NH3+])[C@@H](O)c1ccccc1,train
C[C@@H]1CN(c2c(F)c(N)c3c(=O)c(C(=O)[O-])cn(C4CC4)c3c2F)C[C@H](C)[NH2+]1,train
C[C@@H]1C[C@H]2[C@@H]3CCC4=CC(=O)C=C[C@]4(C)[C@@]3(Cl)[C@@H](O)C[C@]2(C)[C@@]1(OC(=O)c1ccco1)C(=O)CCl,train
C[C@@H]1C[C@H]2[C@@H]3CCC4=CC(=O)C=C[C@]4(C)[C@@]3(F)[C@@H](O)C[C@]2(C)[C@@]1(O)C(=O)CO,train
C[C@@H]1C[C@H]2[C@@H]3CCC4=CC(=O)C=C[C@]4(C)[C@@]3(F)[C@@H](O)C[C@]2(C)[C@@]1(O)C(=O)COP(=O)([O-])[O-],train
C[C@@H]1C[C@H]2[C@@H]3CCC4=CC(=O)C=C[C@]4(C)[C@@]3(F)[C@@H](O)C[C@]2(C)[C@H]1C(=O)CO,train
C[C@@H]1C[C@H]2[C@@H]3C[C@H](F)C4=CC(=O)C=C[C@]4(C)[C@@]3(Cl)[C@@H](O)C[C@]2(C)[C@H]1C(=O)COC(=O)C(C)(C)C,train
C[C@@H]1C[C@H]2[C@@H]3C[C@H](F)C4=CC(=O)C=C[C@]4(C)[C@@]3(F)[C@@H](O)C[C@]2(C)[C@@]1(O)C(=O)COC(=O)C(C)(C)C,train
C[C@@H]1C[C@H]2[C@@H]3C[C@H](F)C4=CC(=O)C=C[C@]4(C)[C@@]3(F)[C@@H](O)C[C@]2(C)[C@@]1(OC(=O)c1ccco1)C(=O)SCF,train
C[C@@H]1O[C@@H]1P(=O)([O-])[O-],train
C[C@H](CCC(=O)[O-])[C@H]1CC[C@H]2[C@@H]3[C@@H](O)C[C@@H]4C[C@H](O)CC[C@]4(C)[C@H]3CC[C@]12C,train
C[C@H](CCC(=O)[O-])[C@H]1CC[C@H]2[C@@H]3[C@H](O)C[C@@H]4C[C@H](O)CC[C@]4(C)[C@H]3CC[C@]12C,train
C[C@H](Cn1cnc2c(N)ncnc21)OCP(=O)([O-])[O-],train
C[C@H](O)C(=O)Nc1c(I)c(C(=O)NC(CO)CO)c(I)c(C(=O)NC(CO)CO)c1I,train
C[C@H]([NH2+]CCc1ccc(O)cc1)[C@H](O)c1ccc(O)cc1,train
C[C@H]([NH2+][C@@H](CCc1ccccc1)C(=O)[O-])C(=O)N1CCC[C@H]1C(=O)[O-],train
C[C@H]([NH3+])C(=O)N[C@@H](C)C(=O)NC1[C@H]2CN(c3nc4c(cc3F)c(=O)c(C(=O)[O-])cn4-c3ccc(F)cc3F)C[C@@H]12,train
C[C@H]([NH3+])Cc1ccccc1,train
C[C@H]([NH3+])[C@H](O)c1ccc(O)c(O)c1,train
C[C@H]([NH3+])[C@H](O)c1cccc(O)c1,train
C[C@H]1COc2c(N3CC[NH+](C)CC3)c(F)cc3c(=O)c(C(=O)[O-])cn1c23,train
C[C@H]1C[C@@H]2[C@H]([C@@H](O)C[C@@]3(C)[C@H]2CC[C@]3(O)C(=O)CO)[C@@]2(C)C=CC(=O)C=C12,train
C[C@H]1C[C@@H]2[C@H]([C@@H](O)C[C@@]3(C)[C@H]2CC[C@]3(O)C(=O)COC(=O)CCC(=O)[O-])[C@@]2(C)C=CC(=O)C=C12,train
C[C@H]1C[C@H]2[C@@H]3CCC4=CC(=O)C=C[C@]4(C)[C@@]3(F)[C@@H](O)C[C@]2(C)[C@@]1(O)C(=O)CO,train
C[C@H]1C[C@H]2[C@@H]3CCC4=CC(=O)C=C[C@]4(C)[C@H]3C(=O)C[C@]2(C)[C@@]1(O)C(=O)CO,train
C[C@H]1O[C@@H](O[C@H]2[C@@H](O)C[C@H](O[C@H]3[C@@H](O)C[C@H](O[C@H]4CC[C@@]5(C)[C@H](CC[C@@H]6[C@@H]5CC[C@]5(C)[C@@H](C7=CC(=O)OC7)CC[C@]65O)C4)O[C@@H]3C)O[C@@H]2C)C[C@H](O)[C@@H]1O,train
C[C@H]1O[C@@H](O[C@H]2[C@@H](O)C[C@H](O[C@H]3[C@@H](O)C[C@H](O[C@H]4CC[C@@]5(C)[C@H](CC[C@@H]6[C@@H]5C[C@@H](O)[C@]5(C)[C@@H](C7=CC(=O)OC7)CC[C@]65O)C4)O[C@@H]3C)O[C@@H]2C)C[C@H](O)[C@@H]1O,train
C[C@H]1c2cccc([O-])c2C(=O)C2=C([O-])[C@]3(O)C(=O)C(C(N)=O)=C([O-])[C@@H]([NH+](C)C)[C@@H]3[C@@H](O)[C@@H]21,train
C[C@]([NH3+])(Cc1ccc(O)c(O)c1)C(=O)[O-],train
C[C@]([NH3+])(Cc1ccc(O)cc1)C(=O)[O-],train
C[C@]1(O)CC[C@H]2[C@@H]3CCC4=CC(=O)CC[C@]4(C)[C@@]3(F)[C@@H](O)C[C@@]21C,train
C[C@]12C=CC(=O)C=C1CC[C@@H]1[C@@H]2C(=O)C[C@@]2(C)[C@H]1CC[C@]2(O)C(=O)CO,train
C[C@]12C=CC(=O)C=C1CC[C@@H]1[C@@H]2[C@@H](O)C[C@@]2(C)[C@H]1CC[C@]2(O)C(=O)CO,train
C[C@]12C=CC(=O)C=C1CC[C@H]1[C@@H]3C[C@@H](O)[C@](O)(C(=O)CO)[C@@]3(C)C[C@H](O)[C@@]12F,train
C[C@]12C=CC(=O)C=C1[C@@H](F)C[C@@H]1[C@@H]2[C@@H](O)C[C@@]2(C)[C@H]1CC[C@]2(O)C(=O)CO,train
C[C@]12CCC(=O)C=C1CC[C@@H]1[C@@H]2CC[C@@]2(C)[C@H]1CC[C@]2(C)O,train
C[C@]12CCC(=O)C=C1CC[C@@H]1[C@@H]2[C@@H](O)C[C@@]2(C)[C@H]1CC[C@]2(O)C(=O)CO,train
C[C@]12CCC(=O)C=C1CC[C@@H]1[C@@H]2[C@@H](O)C[C@@]2(C)[C@H]1CC[C@]2(O)C(=O)COC(=O)CCC(=O)[O-],train
C[C@]12CCC(=O)C=C1CC[C@@H]1[C@@H]2[C@@H](O)C[C@@]2(C)[C@H]1CC[C@]2(O)C(=O)COP(=O)([O-])[O-],train
C[C@]12CC[C@@H]3c4ccc(O)cc4CC[C@H]3[C@@H]1CCC2=O,train
C[C@]12CC[C@@H]3c4ccc(O)cc4CC[C@H]3[C@@H]1CC[C@@H]2O,train
C[C@]12CC[C@@H]3c4ccc(O)cc4C[C@@H](CCCCCCCCCS(=O)CCCC(F)(F)C(F)(F)F)[C@H]3[C@@H]1CC[C@@H]2O,train
C[C@]12CC[C@@H]3c4ccc(OC(=O)N(CCCl)CCCl)cc4CC[C@H]3[C@@H]1CC[C@@H]2OP(=O)([O-])[O-],train
C[C@]12CC[C@@H]3c4ccc(OS(=O)(=O)[O-])cc4CC[C@H]3[C@@H]1CCC2=O,train
C[C@]12CC[C@H]3[C@@H](CCC4=CC(=O)CC[C@@]43C)[C@@H]1CC[C@@H]2O,train
C[N+](C)(C)CC(=O)[O-],train
C[N+](C)(C)CCCCCCCCCC[N+](C)(C)C,train
C[N+](C)(C)CCOC(=O)CCC(=O)OCC[N+](C)(C)C,train
C[N+](C)(C)CCOC(N)=O,train
C[N+](C)(C)C[C@H](O)CC(=O)[O-],train
C[N+]1(C)C2CCC1CC(OC(=O)C(O)c1ccccc1)C2,train
C[N+]1(CC2CC2)CC[C@]23c4c5ccc(O)c4O[C@H]2C(=O)CC[C@@]3(O)[C@H]1C5,train
C[NH+](C)CC(c1ccc(O)cc1)C1(O)CCCCC1,train
C[NH+](C)CCC(O)(c1ccccc1)c1ccccc1Cl,train
C[NH+](C)CCC(c1ccc(Br)cc1)c1ccccn1,train
C[NH+](C)CCC(c1ccc(Cl)cc1)c1ccccn1,train
C[NH+](C)CCC(c1ccccc1)c1ccccn1,train
C[NH+](C)CCCC1(c2ccc(F)cc2)OCc2cc(C#N)ccc21,train
C[NH+](C)CCCN1c2ccccc2CCc2ccc(Cl)cc21,train
C[NH+](C)CCCN1c2ccccc2CCc2ccccc21,train
C[NH+](C)CCCN1c2ccccc2Sc2ccc(C(F)(F)F)cc21,train
C[NH+](C)CCCN1c2ccccc2Sc2ccc(Cl)cc21,train
C[NH+](C)CCCN1c2ccccc2Sc2ccccc21,train
C[NH+](C)CCC[C@@]1(c2ccc(F)cc2)OCc2cc(C#N)ccc21,train
C[NH+](C)CCN(Cc1ccccc1)c1ccccn1,train
C[NH+](C)CCOC(C)(c1ccccc1)c1ccccn1,train
C[NH+](C)CCOC(c1ccc(Cl)cc1)c1ccccn1,train
C[NH+](C)CCOC(c1ccccc1)c1ccccc1,train
C[NH+](C)CCOc1ccc(/C(=C(/CCCl)c2ccccc2)c2ccccc2)cc1,train
C[NH+](C)CC[C@@H](c1ccc(Br)cc1)c1ccccn1,train
C[NH+](C)[C@@H]1C([O-])=C(C(N)=O)C(=O)[C@@]2(O)C([O-])=C3C(=O)c4c([O-])ccc(Cl)c4[C@@H](O)[C@H]3C[C@@H]12,train
C[NH+](C)[C@@H]1C([O-])=C(C(N)=O)C(=O)[C@@]2(O)C([O-])=C3C(=O)c4c([O-])cccc4[C@@](C)(O)[C@H]3C[C@@H]12,train
C[NH+](C)[C@@H]1C([O-])=C(C(N)=O)C(=O)[C@@]2(O)C([O-])=C3C(=O)c4c([O-])cccc4[C@@](C)(O)[C@H]3[C@H](O)[C@@H]12,train
C[NH+](C/C=C/C#CC(C)(C)C)Cc1cccc2ccccc12,train
C[NH+](CCCl)CCCl,train
C[NH+](CCOc1ccc(NS(C)(=O)=O)cc1)CCc1ccc(NS(C)(=O)=O)cc1,train
C[NH+]1C2CC(OC(=O)C(CO)c3ccccc3)CC1C1OC12,train
C[NH+]1CCC(=C2c3ccccc3CCc3cccnc32)CC1,train
C[NH+]1CCCCC1CCN1c2ccccc2Sc2ccc(S(C)=O)cc21,train
C[NH+]1CCN(C(c2ccccc2)c2ccccc2)CC1,train
C[NH+]1CCN(C2=[NH+]c3ccccc3Oc3ccc(Cl)cc32)CC1,train
C[NH+]1CCN(CCCN2c3ccccc3Sc3ccc(C(F)(F)F)cc32)CC1,train
C[NH+]1CCN(CCCN2c3ccccc3Sc3ccc(Cl)cc32)CC1,train
C[NH+]1CC[C@]23CCCC[C@H]2[C@H]1Cc1ccc(O)cc13,train
C[NH+]1CC[C@]23c4c5ccc(O)c4O[C@H]2C(=O)CC[C@@]3(O)[C@H]1C5,train
C[NH+]1CC[C@]23c4c5ccc(O)c4O[C@H]2C(=O)CC[C@H]3[C@H]1C5,train
C[NH+]1[C@@H]2CC[C@H]1C[C@@H](OC(=O)C(CO)c1ccccc1)C2,train
C[NH+]1[C@@H]2C[C@@H](OC(=O)[C@H](CO)c3ccccc3)C[C@H]1[C@@H]1O[C@@H]12,train
C[NH2+]/C(=C\[N+](=O)[O-])NCCSCc1ccc(C[NH+](C)C)o1,train
C[NH2+]C(C)(C)Cc1ccccc1,train
C[NH2+]C(C)C1CCC([NH3+])C(OC2C([NH3+])CC([NH3+])C(OC3OCC(C)(O)C([NH2+]C)C3O)C2O)O1,train
C[NH2+]C(C)Cc1ccccc1,train
C[NH2+]C1(C)C2CCC(C2)C1(C)C,train
C[NH2+]CC(O)c1ccc(OC(=O)C(C)(C)C)c(OC(=O)C(C)(C)C)c1,train
C[NH2+]CCC(Oc1ccc(C(F)(F)F)cc1)c1ccccc1,train
C[NH2+]CCCN1c2ccccc2CCc2ccccc21,train
C[NH2+]CC[C@@H](Oc1ccccc1C)c1ccccc1,train
C[NH2+]CC[C@H](Oc1cccc2ccccc12)c1cccs1,train
C[NH2+]C[C@H](O)[C@@H](O)[C@H](O)[C@H](O)CO,train
C[NH2+]C[C@H](O)c1ccc(O)c(O)c1,train
C[NH2+]C[C@H](O)c1cccc(O)c1,train
C[NH2+][C@@H](C)[C@@H](O)c1ccccc1,train
C[NH2+][C@H](CC(C)C)C(=O)N[C@H]1C(=O)N[C@@H](CC(N)=O)C(=O)N[C@H]2C(=O)N[C@H]3C(=O)N[C@H](C(=O)N[C@H](C(=O)[O-])c4cc(O)cc(O)c4-c4cc3ccc4O)[C@H](O)c3ccc(c(Cl)c3)Oc3cc2cc(c3O[C@@H]2O[C@H](CO)[C@@H](O)[C@H](O)[C@H]2O[C@H]2C[C@](C)([NH3+])[C@H](O)[C@H](C)O2)Oc2ccc(cc2Cl)[C@H]1O,train
C[n+]1ccccc1/C=N/O,train
Cc1[nH+]cc2n1-c1ccc(Cl)cc1C(c1ccccc1F)=NC2,train
Cc1[nH]c(=O)c(C#N)cc1-c1ccncc1,train
Cc1[nH]c2ccccc2c1CCNCc1ccc(/C=C/C(=O)NO)cc1,train
Cc1[nH]cnc1CN1CCc2c(c3ccccc3n2C)C1=O,train
Cc1c(-c2ccccc2)oc2c(C(=O)OCC[NH+]3CCCCC3)cccc2c1=O,train
Cc1c(C)c2c(c(C)c1O)CCC(C)(COc1ccc(CC3SC(=O)[N-]C3=O)cc1)O2,train
Cc1c(C)c2c(c(C)c1O)CC[C@@](C)(CCC[C@H](C)CCC[C@H](C)CCCC(C)C)O2,train
Cc1c(F)c(N2CC[NH2+]C(C)C2)cc2c1c(=O)c(C(=O)[O-])cn2C1CC1,train
Cc1c(N)nc([C@H](CC(N)=O)[NH2+]C[C@H](N)C(N)=O)nc1C(=O)N[C@H](C(=O)N[C@H](C)[C@@H](O)[C@H](C)C(=O)N[C@H](C(=O)NCCc1nc(-c2nc(C(=O)NCCC[S+](C)C)cs2)cs1)[C@@H](C)O)[C@@H](O[C@@H]1O[C@@H](CO)[C@@H](O)[C@H](O)[C@@H]1O[C@H]1O[C@H](CO)[C@@H](O)[C@H](OC(N)=O)[C@@H]1O)c1c[nH]cn1,train
Cc1c(O)cccc1C(=O)N[C@@H](CSc1ccccc1)[C@H](O)C[NH+]1C[C@H]2CCCC[C@H]2C[C@H]1C(=O)NC(C)(C)C,train
Cc1c(OCC(F)(F)F)ccnc1CS(=O)c1nc2ccccc2[nH]1,train
Cc1c(OCC(F)(F)F)ccnc1C[S@@](=O)c1nc2ccccc2[nH]1,train
Cc1c2oc3c(C)ccc(C(=O)NC4C(=O)NC(C(C)C)C(=O)N5CCCC5C(=O)N(C)CC(=O)N(C)C(C(C)C)C(=O)OC4C)c3nc-2c(C(=O)NC2C(=O)NC(C(C)C)C(=O)N3CCCC3C(=O)N(C)CC(=O)N(C)C(C(C)C)C(=O)OC2C)c(N)c1=O,train
Cc1cc(-c2ccc(N/N=C3/C(=O)c4c(N)cc(S(=O)(=O)[O-])cc4C=C3S(=O)(=O)[O-])c(C)c2)ccc1N/N=C1/C(=O)c2c(N)cc(S(=O)(=O)[O-])cc2C=C1S(=O)(=O)[O-],train
Cc1cc(/C=C/C#N)cc(C)c1Nc1ccnc(Nc2ccc(C#N)cc2)n1,train
Cc1cc(/C=C/c2ccc3cc(N(C)C)ccc3[n+]2C)c(C)n1-c1ccccc1,train
Cc1cc(C#N)cc(C)c1Oc1nc(Nc2ccc(C#N)cc2)nc(N)c1Br,train
Cc1cc(C(=O)NNCc2ccccc2)no1,train
Cc1cc(C(C)(C)C)c(O)c(C)c1CC1=[NH+]CCN1,train
Cc1cc(C)c(/C=C2\C(=O)Nc3ccccc32)[nH]1,train
Cc1cc(C)c(NC(=O)C[NH+](CC(=O)[O-])CC(=O)[O-])c(C)c1Br,train
Cc1cc(C)cc(OCC2CNC(=O)O2)c1,train
Cc1cc(C2CCCCC2)n([O-])c(=O)c1,train
Cc1cc(O)c(C(=O)N[C@@H](C(=O)N[C@@H]2C(=O)N3C(C(=O)[O-])=C(CSc4nnnn4C)CS[C@H]23)c2ccc(O)cc2)cn1,train
Cc1cc(OP(=O)([O-])[O-])c2ccccc2c1OP(=O)([O-])[O-],train
Cc1cc2c(s1)=Nc1ccccc1NC=2N1CC[NH+](C)CC1,train
Cc1cc2c(s1)Nc1ccccc1[NH+]=C2N1CC[NH+](C)CC1,train
Cc1cc2cc3c(C)cc(=O)oc3c(C)c2o1,train
Cc1cc2nc3c(=O)[nH]c(=O)nc-3n(C[C@H](O)[C@H](O)[C@H](O)CO)c2cc1C,train
Cc1cc2nc3c(=O)[nH]c(=O)nc-3n(C[C@H](O)[C@H](O)[C@H](O)COP(=O)([O-])[O-])c2cc1C,train
Cc1ccc(-c2cc(C(F)(F)F)nn2-c2ccc(S(N)(=O)=O)cc2)cc1,train
Cc1ccc(-c2nc3ccc(C)cn3c2CC(=O)N(C)C)cc1,train
Cc1ccc(-n2[nH]c(C)c(N/N=C3\C=CC=C(c4cccc(C(=O)[O-])c4)C3=O)c2=O)cc1C,train
Cc1ccc(/C(=C\C[NH+]2CCCC2)c2cccc(/C=C/C(=O)[O-])n2)cc1,train
Cc1ccc(/C(=C\C[NH+]2CCCC2)c2ccccn2)cc1,train
Cc1ccc(C(=O)Nc2ccc(CN3CCN(C)CC3)c(C(F)(F)F)c2)cc1C#Cc1cnc2cccnn12,train
Cc1ccc(C(=O)c2cc(O)c([O-])c([N+](=O)[O-])c2)cc1,train
Cc1ccc(C(=O)c2ccc(CC(=O)[O-])n2C)cc1,train
Cc1ccc(C)c(OCCCC(C)(C)C(=O)[O-])c1,train
Cc1ccc(Cl)c(Nc2ccccc2C(=O)[O-])c1Cl,train
Cc1ccc(N(CC2=[NH+]CCN2)c2cccc(O)c2)cc1,train
Cc1ccc(NC(=O)c2ccc(CN3CCN(C)CC3)cc2)cc1Nc1nccc(-c2cccnc2)n1,train
Cc1ccc(NC(=O)c2ccc(CN3CC[NH+](C)CC3)cc2)cc1Nc1nccc(-c2cccnc2)n1,train
Cc1ccc(Nc2nccc(N(C)c3ccc4c(C)n(C)nc4c3)n2)cc1S(N)(=O)=O,train
Cc1ccc(O)c([C@H](CC[NH+](C(C)C)C(C)C)c2ccccc2)c1,train
Cc1ccc(S(=O)(=O)[N-]C(=O)N[NH+]2CCCCCC2)cc1,train
Cc1cccc(C)c1N(CC(=O)Nc1ccc(-c2ncon2)cc1)C(=O)C1CCS(=O)(=O)CC1,train
Cc1cccc(C)c1NC(=O)C(C)[NH3+],train
Cc1cccc(C)c1NC(=O)C1CCCC[NH+]1C,train
Cc1cccc(C)c1NC(=O)C[NH+](CC(=O)[O-])CC(=O)[O-],train
Cc1cccc(C)c1OCC(=O)N[C@@H](Cc1ccccc1)[C@@H](O)C[C@H](Cc1ccccc1)NC(=O)[C@H](C(C)C)N1CCCNC1=O,train
Cc1cccc(C)c1OCC(C)[NH3+],train
Cc1cccc(C[NH+]2CCN(C(c3ccccc3)c3ccc(Cl)cc3)CC2)c1,train
Cc1cccc(Nc2ccccc2C(=O)[O-])c1C,train
Cc1cccc(Nc2ccncc2S(=O)(=O)[N-]C(=O)NC(C)C)c1,train
Cc1ccccc1C(=O)Nc1ccc(C(=O)N2CCCC(O)c3cc(Cl)ccc32)c(C)c1,train
Cc1ccccc1C(OCC[NH+](C)C)c1ccccc1,train
Cc1ccccc1N1C(=O)c2cc(S(N)(=O)=O)c(Cl)cc2NC1C,train
Cc1ccccc1N1CC[NH+](CCc2nnc3n2CCCC3)CC1,train
Cc1cccn2c(=O)c(-c3nnn[n-]3)cnc12,train
Cc1ccnc([N-]S(=O)(=O)c2ccc(N)cc2)n1,train
Cc1ccnc2c1NC(=O)c1cccnc1N2C1CC1,train
Cc1ccsc1C(=CCC[NH+]1CCC[C@@H](C(=O)[O-])C1)c1sccc1C,train
Cc1cn([C@@H]2C[C@@H](O)[C@H](CO)O2)c(=O)[nH]c1=O,train
Cc1cn([C@H]2C=C[C@@H](CO)O2)c(=O)[nH]c1=O,train
Cc1cn([C@H]2C[C@H](N=[N+]=[N-])[C@@H](CO)O2)c(=O)[nH]c1=O,train
Cc1cn[nH]c1,train
Cc1cnc(C(=O)NCCc2ccc(S(=O)(=O)[N-]C(=O)NC3CCCCC3)cc2)cn1,train
Cc1cnc(NC(=O)C2=C(O)c3ccccc3S(=O)(=O)N2C)s1,train
Cc1nc(-c2ccc(OCC(C)C)c(C#N)c2)sc1C(=O)[O-],train
Cc1nc(Nc2ncc(C(=O)Nc3c(C)cccc3Cl)s2)cc(N2CCN(CCO)CC2)n1,train
Cc1nc(Nc2ncc(C(=O)Nc3c(C)cccc3Cl)s2)cc(N2CC[NH+](CCO)CC2)n1,train
Cc1nc2c([nH]1)CCN(C(=O)c1ccc(NC(=O)c3ccccc3-c3ccccc3)cc1)c1ccccc1-2,train
Cc1nc2n(c(=O)c1CCN1CCC(c3noc4cc(F)ccc34)CC1)CCCC2,train
Cc1nc2n(c(=O)c1CC[NH+]1CCC(c3noc4cc(F)ccc34)CC1)CCCC2,train
Cc1nc2n(c(=O)c1CC[NH+]1CCC(c3noc4cc(F)ccc34)CC1)CCCC2O,train
Cc1ncc(CO)c(CO)c1O,train
Cc1ncc(COP(=O)([O-])[O-])c(CN(CC[NH+](CC(=O)[O-])Cc2c(COP(=O)([O-])[O-])cnc(C)c2O)CC(=O)[O-])c1O,train
Cc1ncc(C[n+]2csc(CCO)c2C)c(N)n1,train
Cc1ncc([N+](=O)[O-])n1CCO,train
Cc1nccn1CC1CCc2c(c3ccccc3n2C)C1=O,train
Cc1nnc(C(=O)NC(C)(C)c2nc(C(=O)NCc3ccc(F)cc3)c([O-])c(=O)n2C)o1,train
Cc1nnc(SCC2=C(C(=O)[O-])N3C(=O)[C@@H](NC(=O)Cn4cnnn4)[C@H]3SC2)s1,train
Cc1nnc([N-]S(=O)(=O)c2ccc(N)cc2)s1,train
Cc1nnc2n1-c1ccc(Cl)cc1C(c1ccccc1)=NC2,train
Cc1nnc2n1-c1ccc(Cl)cc1C(c1ccccc1Cl)=NC2,train
Cc1noc([N-]S(=O)(=O)c2ccc(N)cc2)c1C,train
Cc1onc(-c2c(Cl)cccc2Cl)c1C(=O)N[C@@H]1C(=O)N2[C@@H]1SC(C)(C)[C@@H]2C(=O)[O-],train
Cc1onc(-c2ccccc2)c1-c1ccc(S(N)(=O)=O)cc1,train
Cc1onc(-c2ccccc2)c1C(=O)N[C@@H]1C(=O)N2[C@@H]1SC(C)(C)[C@@H]2C(=O)[O-],train
Cc1onc(-c2ccccc2Cl)c1C(=O)N[C@@H]1C(=O)N2[C@@H]1SC(C)(C)[C@@H]2C(=O)[O-],train
Cc1oncc1C(=O)Nc1ccc(C(F)(F)F)cc1,train
Cl.Cn1c(CCCC(=O)O)nc2cc(N(CCCl)CCCl)ccc21,train
Cl.Nc1ccn([C@@H]2O[C@H](CO)[C@@H](O)C2(F)F)c(=O)n1,train
ClCC1CO1,train
Cl[C@H]1[C@H](Cl)[C@@H](Cl)[C@@H](Cl)[C@H](Cl)[C@H]1Cl,train
Clc1cc(Cl)c(OCC#CI)cc1Cl,train
Clc1ccc(C(c2ccccc2Cl)C(Cl)Cl)cc1,train
Clc1ccc(COC(Cn2ccnc2)c2ccc(Cl)cc2Cl)c(Cl)c1,train
Clc1ccc(COC(Cn2ccnc2)c2ccc(Cl)cc2Cl)cc1,train
Clc1ccc2c(c1)C(N1CC[NH2+]CC1)=[NH+]c1ccccc1O2,train
Clc1ccc2c(c1)C(c1ccccc1)=NCc1nncn1-2,train
Clc1ccc2c(c1)CCc1cccnc1C2=C1CC[NH2+]CC1,train
Clc1cccc(Cl)c1NC1=[NH+]CCN1,train
Clc1ccccc1C[NH+]1CCc2sccc2C1,train
Cn1c(=O)c2[nH]cnc2n(C)c1=O,train
Cn1c(=O)c2c(ncn2C)n(C)c1=O,train
Cn1c(=O)c2c(ncn2CC(O)CO)n(C)c1=O,train
Cn1c(CCCC(=O)[O-])nc2cc(N(CCCl)CCCl)ccc21,train
Cn1cc[nH]c1=S,train
Cn1cnc([N+](=O)[O-])c1C[N+](C)(C)C/C=C/C(=O)Nc1cc2c(Nc3ccc(Cl)c(Br)c3)ncnc2cn1,train
Cn1cnc([N+](=O)[O-])c1Sc1ncnc2nc[nH]c12,train
Cn1cncc1[C@@](N)(c1ccc(Cl)cc1)c1ccc2c(c1)c(-c1cccc(Cl)c1)cc(=O)n2C,train
Cn1nc(C(=O)NC2CC3CCCC(C2)[NH+]3C)c2ccccc21,train
Cn1nnc2c(C(N)=O)ncn2c1=O,train
Cn1nnnc1SCC1=C(C(=O)[O-])N2C(=O)[C@@H](NC(=O)[C@H](O)c3ccccc3)[C@H]2SC1,train
FC(F)(F)C(Cl)Br,train
FC(F)(F)C(F)(F)C(F)(F)C(F)(F)C(F)(F)C(F)(F)C(F)(F)C(F)(F)Br,train
FC(F)(F)C(F)(F)C(F)(F)C(F)(F)C(F)(F)C(F)(F)F,train
FC(F)(F)C(F)(F)C(F)(F)F,train
FC(F)=C(F)F,train
FC(F)OC(Cl)C(F)(F)F,train
FC(F)OC(F)(F)C(F)Cl,train
FC(F)OC(F)C(F)(F)F,train
FCOC(C(F)(F)F)C(F)(F)F,train
II,train
N#CC(CC[NH+]1CCC(C(=O)[O-])(c2ccccc2)CC1)(c1ccccc1)c1ccccc1,train
N#Cc1cc(NC(=O)C(=O)[O-])c(Cl)c(NC(=O)C(=O)[O-])c1,train
N#[C][Fe-2]([C]#N)([C]#N)([C]#N)([C]#N)[N]=O,train
NC(=O)CCC1NC(=O)C(Cc2ccccc2)NC(=O)C(Cc2ccc(O)cc2)NC(=O)C([NH3+])CSSCC(C(=O)N2CCCC2C(=O)NC(CCCC[NH3+])C(=O)NCC(N)=O)NC(=O)C(CC(N)=O)NC1=O,train
NC(=O)CCC1NC(=O)C(Cc2ccccc2)NC(=O)C(Cc2ccc(O)cc2)NC(=O)C([NH3+])CSSCC(C(=O)N2CCCC2C(=O)NC(CCC[NH+]=C(N)N)C(=O)NCC(N)=O)NC(=O)C(CC(N)=O)NC1=O,train
NC(=O)CC[C@H]([NH3+])C(=O)[O-],train
NC(=O)CS(=O)C(c1ccccc1)c1ccccc1,train
NC(=O)C[S@@](=O)C(c1ccccc1)c1ccccc1,train
NC(=O)Cc1cccc(C(=O)c2ccccc2)c1N,train
NC(=O)N/C=C1/NC(=O)[C@H](CNC(=O)C[C@@H]([NH3+])CCC[NH3+])NC(=O)[C@H](CO)NC(=O)[C@@H]([NH3+])CNC(=O)[C@H]([C@H]2CC[NH+]=C(N)N2)NC1=O,train
NC(=O)N/C=C1\NC(=O)[C@H](CO)NC(=O)[C@H](CO)NC(=O)[C@@H](NC(=O)C[C@@H]([NH3+])CCC[NH3+])CNC(=O)[C@H]([C@H]2C[C@H](O)[NH+]=C(N)N2)NC1=O,train
NC(=O)N/N=C/c1ccc([N+](=O)[O-])o1,train
NC(=O)NC(=O)Cc1ccccc1,train
NC(=O)NO,train
NC(=O)OCC(COC(N)=O)c1ccccc1,train
NC(=O)OCC(O)COc1ccc(Cl)cc1,train
NC(=O)c1cccnc1,train
NC(=O)c1cnccn1,train
NC(=[NH2+])NC(=O)c1nc(Cl)c(N)nc1N,train
NC(=[NH2+])NCCC[C@@H](NC(=O)[C@@H]1CCCN1C(=O)[C@@H]1CSSCCC(=O)N[C@@H](Cc2ccc(O)cc2)C(=O)N[C@@H](Cc2ccccc2)C(=O)N[C@@H](CCC(N)=O)C(=O)N[C@@H](CC(N)=O)C(=O)N1)C(=O)NCC(N)=O,train
NC(CCSCc1csc([NH+]=C(N)N)n1)=NS(N)(=O)=O,train
NC(N)=O,train
NC(N)=[NH+]C(=O)Cc1c(Cl)cccc1Cl,train
NC(N)=[NH+]CCC[C@H]([NH3+])C(=O)[O-],train
NC(N)=[NH+]Cc1cccc([131I])c1,train
NC(N)=[NH2+],train
NCC[NH2+]CCNCC[NH2+]CCN,train
NCC[NH2+]CCNCC[NH3+],train
NNC(=O)c1ccncc1,train
NNCCc1ccccc1,train
NS(=O)(=O)c1cc(Cl)c(Cl)c(S(N)(=O)=O)c1,train
NS(=O)(=O)c1cc2c(cc1Cl)NC(C(Cl)Cl)NS2(=O)=O,train
NS(=O)(=O)c1cc2c(cc1Cl)NCNS2(=O)=O,train
NS(=O)(=O)c1ccc(C[NH3+])cc1,train
N[C@@H]1CCCC[C@H]1[NH3+],train
Nc1[nH]c(=O)ncc1F,train
Nc1c(CC(=O)[O-])cccc1C(=O)c1ccc(Br)cc1,train
Nc1cc(-c2ccncc2)c[nH]c1=O,train
Nc1cc(Cl)c(NC2=[NH+]CCN2)c(Cl)c1,train
Nc1cc[nH+]cc1,train
Nc1ccc(C(=O)NCC(=O)[O-])cc1,train
Nc1ccc(C(=O)[O-])c(O)c1,train
Nc1ccc(O)c(C(=O)[O-])c1,train
Nc1ccc(S(=O)(=O)[N-]c2ncccn2)cc1,train
Nc1ccc(S(=O)(=O)c2ccc(N)cc2)cc1,train
Nc1ccc(S(N)(=O)=O)cc1,train
Nc1cccc2c1C(=O)N(C1CCC(=O)NC1=O)C2=O,train
Nc1ccn(C[C@@H](CO)OCP(=O)([O-])[O-])c(=O)n1,train
Nc1ccn([C@@H]2CS[C@H](CO)O2)c(=O)n1,train
Nc1ccn([C@@H]2O[C@H](CO)[C@@H](O)C2(F)F)c(=O)n1,train
Nc1ccn([C@@H]2O[C@H](CO)[C@@H](O)[C@@H]2O)c(=O)n1,train
Nc1ccn([C@H]2CC[C@@H](CO)O2)c(=O)n1,train
Nc1nc(=O)c2c(CCc3ccc(C(=O)N[C@@H](CCC(=O)O)C(=O)O)cc3)c[nH]c2[nH]1,train
Nc1nc(=O)c2c(CCc3ccc(C(=O)N[C@@H](CCC(=O)[O-])C(=O)[O-])cc3)c[nH]c2[nH]1,train
Nc1nc(=O)c2c([nH]1)NCC(CNc1ccc(C(=O)N[C@@H](CCC(=O)O)C(=O)O)cc1)N2C=O,train
Nc1nc(=O)c2c([nH]1)NCC(CNc1ccc(C(=O)N[C@@H](CCC(=O)[O-])C(=O)[O-])cc1)N2C=O,train
Nc1nc(=O)c2c([nH]1)NCC(CNc1ccc(C(=O)N[C@@H](CCC(=O)[O-])C(=O)[O-])cc1)N2C=O.[Ca+2],train
Nc1nc(=O)c2c([nH]1)NC[C@H](CNc1ccc(C(=O)N[C@@H](CCC(=O)[O-])C(=O)[O-])cc1)N2C=O,train
Nc1nc(=O)c2ncn(CCC(CO)CO)c2[nH]1,train
Nc1nc(=O)c2ncn(COCCO)c2[nH]1,train
Nc1nc(=O)n([C@@H]2CS[C@H](CO)O2)cc1F,train
Nc1nc(Cl)nc2c1ncn2[C@H]1C[C@H](O)[C@@H](CO)O1,train
Nc1nc(F)nc2c1ncn2[C@@H]1O[C@H](CO)[C@@H](O)[C@@H]1O,train
Nc1nc(F)nc2c1ncn2[C@@H]1O[C@H](COP(=O)(O)O)[C@@H](O)[C@@H]1O,train
Nc1nc(F)nc2c1ncn2[C@@H]1O[C@H](COP(=O)([O-])[O-])[C@@H](O)[C@@H]1O,train
Nc1nc2c(ncn2COC(CO)CO)c(=O)[nH]1,train
Nc1nc2ccc(OC(F)(F)F)cc2s1,train
Nc1ncn([C@@H]2O[C@H](CO)[C@@H](O)[C@H]2O)c(=O)n1,train
Nc1ncnc2c1ncn2[C@@H]1O[C@H](CO)[C@@H](O)[C@@H]1O,train
Nc1ncnc2c1ncn2[C@@H]1O[C@H](CO)[C@@H](O)[C@H]1O,train
O1[As]2O[As]1O2,train
O=C(CCCCCCC(=O)Nc1ccccc1)NO,train
O=C(NCC(O)CO)c1c(I)c(C(=O)NCC(O)CO)c(I)c(N(CCO)C(=O)CO)c1I,train
O=C(N[C@H](CO)[C@H](O)c1ccc([N+](=O)[O-])cc1)[C-](Cl)Cl,train
O=C([O-])/C=C/C(=O)[O-],train
O=C([O-])C(O)C(O)C(=O)[O-],train
O=C([O-])C(S)C(S)C(=O)[O-],train
O=C([O-])C1=C(CSc2nnnn2CS(=O)(=O)[O-])CS[C@@H]2[C@H](NC(=O)[C@H](O)c3ccccc3)C(=O)N12,train
O=C([O-])C1N=C(c2ccccc2)c2cc(Cl)ccc2NC1=O,train
O=C([O-])CC(O)(CC(=O)[O-])C(=O)[O-],train
O=C([O-])CCC(=O)OC[C@@H](NC(=O)[C-](Cl)Cl)[C@H](O)c1ccc([N+](=O)[O-])cc1,train
O=C([O-])CCC(=O)[O-],train
O=C([O-])CCCCCCCC(=O)[O-],train
O=C([O-])CCCO,train
O=C([O-])CCCc1ccc(N(CCCl)CCCl)cc1,train
O=C([O-])CCCc1ccccc1,train
O=C([O-])CN(CCN(CC(=O)[O-])C(COCc1ccccc1)C(=O)[O-])CC[NH+](CC(=O)[O-])CC(=O)[O-],train
O=C([O-])CN(CC[NH+](CC(=O)[O-])CC(=O)[O-])CC(=O)[O-],train
O=C([O-])CN(CC[NH+](CC(=O)[O-])CC(=O)[O-])CC[NH+](CC(=O)[O-])CC(=O)[O-],train
O=C([O-])CN1CCN(C(CO)C(O)CO)CCN(CC(=O)[O-])CC[NH+](CC(=O)[O-])CC1,train
O=C([O-])CNC(=O)c1ccccc1,train
O=C([O-])COCC[NH+]1CCN(C(c2ccccc2)c2ccc(Cl)cc2)CC1,train
O=C([O-])COCC[NH+]1CCN([C@H](c2ccccc2)c2ccc(Cl)cc2)CC1,train
O=C([O-])Cc1ccccc1,train
O=C([O-])Cc1ccccc1Nc1c(Cl)cccc1Cl,train
O=C([O-])P(=O)([O-])[O-],train
O=C([O-])[C@@H](O)[C@@H](O)[C@H](O)[C@@H](O)C(=O)[O-],train
O=C([O-])[C@H](O)[C@@H](O)[C@H](O)[C@H](O)CO,train
O=C([O-])[O-],train
O=C([O-])c1cc(-c2ccc(F)cc2F)ccc1O,train
O=C([O-])c1ccccc1,train
O=C([O-])c1cccnc1,train
O=C([O-])c1cn(C2CC2)c2cc(N3CC[NH2+]CC3)c(F)cc2c1=O,train
O=C1CCO1,train
O=C1CC[C@@]2(O)[C@H]3Cc4ccc(O)c5c4[C@@]2(CC[NH+]3CC2CC2)[C@H]1O5,train
O=C1CN=C(c2ccccc2)c2cc(Cl)ccc2N1CC(F)(F)F,train
O=C1CN=C(c2ccccc2Cl)c2cc([N+](=O)[O-])ccc2N1,train
O=C1NC(=O)C(c2ccccc2)(c2ccccc2)N1,train
O=C1NC(c2ccccc2)(c2ccccc2)C(=O)N1COP(=O)([O-])[O-],train
O=C1Nc2ccc(Cl)cc2C(c2ccccc2)=NC1O,train
O=C1Nc2ccc(Cl)cc2C(c2ccccc2Cl)=NC1O,train
O=C1OC2(c3cc([131I])c([O-])c([131I])c3Oc3c2cc([131I])c([O-])c3[131I])c2c(Cl)c(Cl)c(Cl)c(Cl)c21,train
O=C1OC2(c3ccc(O)cc3Oc3cc(O)ccc32)c2ccccc21,train
O=C1c2c(O)ccc(O)c2C(=O)c2c(NCCNCCO)ccc(NCCNCCO)c21,train
O=C1c2c([O-])ccc([O-])c2C(=O)c2c(NCC[NH2+]CCO)ccc(NCC[NH2+]CCO)c21,train
O=C1c2ccccc2C(=O)C1c1ccccc1,train
O=C[C@H](O)[C@@H](O)[C@H](O)CO,train
O=NN(CCCl)C(=O)NC1CCCCC1,train
O=N[O-],train
O=P([O-])([O-])C(O)(Cc1cccnc1)P(=O)([O-])[O-],train
O=P([O-])([O-])C(O)(Cn1ccnc1)P(=O)([O-])[O-],train
O=P([O-])([O-])C(Sc1ccc(Cl)cc1)P(=O)([O-])[O-],train
O=P([O-])([O-])F,train
O=P([O-])([O-])OCC(Cl)(Cl)Cl,train
O=P1(N(CCCl)CCCl)NCCCO1,train
O=P1(NCCCl)OCCCN1CCCl,train
O=S(=O)(OC[C@H]1O[C@@H](O[C@]2(COS(=O)(=O)[O][Al]([OH])[OH])O[C@H](OS(=O)(=O)[O][Al]([OH])[OH])[C@@H](OS(=O)(=O)[O][Al]([OH])[OH])[C@@H]2OS(=O)(=O)[O][Al]([OH])[OH])[C@H](OS(=O)(=O)[O][Al]([OH])[OH])[C@@H](OS(=O)(=O)[O][Al]([OH])[OH])[C@@H]1OS(=O)(=O)[O][Al]([OH])[OH])[O][Al]([OH])[OH],train
O=S(=O)([O-])CCS,train
O=S(=O)([O-])[O-],train
O=S([O-])([O-])=S,train
O=S([O-])CNc1ccc(S(=O)(=O)c2ccc(NCS(=O)[O-])cc2)cc1,train
O=[32P]([O-])([O-])O,train
O=[N+]([O-])OCC(CO[N+](=O)[O-])O[N+](=O)[O-],train
O=[N+]([O-])O[C@@H]1CO[C@H]2[C@@H]1OC[C@@H]2O,train
O=[N+]([O-])O[C@H]1CO[C@H]2[C@@H]1OC[C@H]2O[N+](=O)[O-],train
O=[N+]([O-])[O-],train
O=[Si](O)O,train
O=c1[nH]c(=O)n([C@H]2C[C@H](O)[C@@H](CO)O2)cc1C(F)(F)F,train
O=c1[nH]c(=O)n([C@H]2C[C@H](O)[C@@H](CO)O2)cc1F,train
O=c1[nH]c(=O)n([C@H]2C[C@H](O)[C@@H](CO)O2)cc1I,train
O=c1[nH]cc(N(CCCl)CCCl)c(=O)[nH]1,train
OCC(O)CO,train
OCC(S)CS,train
OCCOCC[NH+]1CCN(C(c2ccccc2)c2ccc(Cl)cc2)CC1,train
OCC[NH+]1CCN(CCCN2c3ccccc3Sc3ccc(C(F)(F)F)cc32)CC1,train
OCC[NH+]1CCN(CCCN2c3ccccc3Sc3ccc(Cl)cc32)CC1,train
OCC[NH+]1C[C@H](O)[C@@H](O)[C@H](O)[C@H]1CO,train
OC[C@@H](O)[C@@H](O)[C@H](O)[C@@H](O)CO,train
OC[C@@H](O)[C@@H](O)[C@H](O)[C@H](O)CO,train
OC[C@H]1O[C@@](CO)(O[C@H]2O[C@H](CO)[C@@H](O)[C@H](O)[C@H]2O)[C@@H](O)[C@@H]1O,train
OC[C@H]1O[C@H](O)[C@H](F)[C@@H](O)[C@@H]1O,train
O[C@@H]1CO[C@H]2[C@@H]1OC[C@@H]2O,train
Oc1c(Cl)cc(Cl)c(Cl)c1Cc1c(O)c(Cl)cc(Cl)c1Cl,train
Oc1c(Cl)cc(Cl)c2cccnc12,train
Oc1c(I)cc(Cl)c2cccnc12,train
Oc1cc(Cl)ccc1Oc1ccc(Cl)cc1Cl,train
Oc1ccc(CCCC[NH2+]C[C@H](O)c2ccc(O)c(O)c2)cc1,train
Oc1ccc(O)cc1,train
Oc1ccc(OCc2ccccc2)cc1,train
Oc1cccc2cccnc12,train
S=[Se]=S,train
[Cl][201Tl],train
[Cl][Cr]([Cl])[Cl],train
[Cl][Cu][Cl],train
[Cl][Mn][Cl],train
[Cl][Zn][Cl],train
[NH3+]C(CO)(CO)CO,train
[NH3+]C12CC3CC(CC(C3)C1)C2,train
[NH3+]CC(=O)CCC(=O)[O-],train
[NH3+]CC(=O)[O-],train
[NH3+]CC(CC(=O)[O-])c1ccc(Cl)cc1,train
[NH3+]CC1(CC(=O)[O-])CCCCC1,train
[NH3+]CCC(O)(P(=O)([O-])[O-])P(=O)([O-])[O-],train
[NH3+]CCCC(O)(P(=O)([O-])[O-])P(=O)([O-])[O-],train
[NH3+]CCCC([NH3+])(C(=O)[O-])C(F)F,train
[NH3+]CCCCCC(=O)[O-],train
[NH3+]CCCC[C@H]([NH2+][C@@H](CCc1ccccc1)C(=O)[O-])C(=O)N1CCC[C@H]1C(=O)[O-],train
[NH3+]CCC[NH2+]CCSP(=O)([O-])[O-],train
[NH3+]CCS,train
[NH3+]CC[C@H](O)C(=O)N[C@@H]1C[C@H]([NH3+])[C@@H](O[C@H]2O[C@H](C[NH3+])[C@@H](O)[C@H](O)[C@H]2O)[C@H](O)[C@H]1O[C@H]1O[C@H](CO)[C@@H](O)[C@H]([NH3+])[C@H]1O,train
[NH3+]CCc1cc[nH]n1,train
[NH3+]CCc1ccc(O)c(O)c1,train
[NH3+]CCc1cnc[nH]1,train
[NH3+]C[C@@H]1O[C@H](O[C@H]2[C@@H](O)[C@H](O[C@@H]3[C@@H](O)[C@H]([NH3+])C[C@H]([NH3+])[C@H]3O[C@H]3O[C@H](CO)[C@@H](O)[C@H](O)[C@H]3[NH3+])O[C@@H]2CO)[C@H]([NH3+])[C@@H](O)[C@@H]1O,train
[NH3+]C[C@@H]1O[C@H](O[C@H]2[C@@H](O)[C@H](O[C@@H]3[C@@H](O)[C@H]([NH3+])C[C@H]([NH3+])[C@H]3O[C@H]3O[C@H](C[NH3+])[C@@H](O)[C@H](O)[C@H]3[NH3+])O[C@@H]2CO)[C@H]([NH3+])[C@@H](O)[C@@H]1O,train
[NH3+]C[C@H](O)c1ccc(O)c(O)c1,train
[NH3+]C[C@H]1CC[C@H](C(=O)[O-])CC1,train
[NH3+]C[C@H]1O[C@H](O[C@H]2[C@H](O)[C@@H](O[C@H]3O[C@H](CO)[C@@H](O)[C@H]([NH3+])[C@H]3O)[C@H]([NH3+])C[C@@H]2[NH3+])[C@H](O)[C@@H](O)[C@@H]1O,train
[NH3+]C[C@H]1O[C@H](O[C@H]2[C@H](O)[C@@H](O[C@H]3O[C@H](CO)[C@@H](O)[C@H]([NH3+])[C@H]3O)[C@H]([NH3+])C[C@@H]2[NH3+])[C@H]([NH3+])C[C@@H]1O,train
[NH3+]Cc1ccccc1CC(=O)N[C@@H]1C(=O)N2C(C(=O)[O-])=C(CSc3nnnn3CC(=O)[O-])CS[C@H]12,train
[NH3+][C@@H](CCC(=O)N[C@@H](CSSC[C@H](NC(=O)CC[C@H]([NH3+])C(=O)[O-])C(=O)NCC(=O)[O-])C(=O)NCC(=O)[O-])C(=O)[O-],train
[NH3+][C@@H](CS)C(=O)[O-],train
[NH3+][C@@H](Cc1cc(I)c(Oc2cc(I)c([O-])c(I)c2)c(I)c1)C(=O)[O-],train
[NH3+][C@@H](Cc1cc(I)c(Oc2ccc(O)c(I)c2)c(I)c1)C(=O)[O-],train
[NH3+][C@@H](Cc1ccc(N(CCCl)CCCl)cc1)C(=O)[O-],train
[NH3+][C@@H](Cc1ccc(O)c(O)c1)C(=O)[O-],train
[NH3+][C@@H](Cc1ccc(O)cc1)C(=O)[O-],train
[NH3+][C@@H]1CC1c1ccccc1,train
[NH3+][C@@H]1[C@H]2CN(c3nc4c(cc3F)c(=O)c(C(=O)[O-])cn4-c3ccc(F)cc3F)C[C@@H]12,train
[NH3+][C@H](Cc1cc(I)c(Oc2cc(I)c([O-])c(I)c2)c(I)c1)C(=O)[O-],train
[N]=O,train
[O-][Cl+3]([O-])([O-])O,train
[O]=[99Tc](=[O])(=[O])[O-],train
[O]=[Al][O][Al]=[O],train
[O]=[Ti]=[O],train
[O]=[Zn],train
[Se],train
c1ccc(CC2=[NH+]CCN2)cc1,train
C#C[C@]1(O)CC[C@H]2[C@@H]3CCC4=C(CCC(=O)C4)[C@H]3CC[C@@]21C,valid
C#C[C@]1(O)CC[C@H]2[C@@H]3CCC4=Cc5oncc5C[C@]4(C)[C@H]3CC[C@@]21C,valid
C#C[C@]1(O)CC[C@H]2[C@@H]3CCc4cc(OC5CCCC5)ccc4[C@H]3CC[C@@]21C,valid
C/C(=C\C(=O)OCCCCCCCCC(=O)[O-])C[C@@H]1OC[C@H](C[C@@H]2O[C@H]2[C@@H](C)[C@H](C)O)[C@@H](O)[C@H]1O,valid
C=C(C)[C@@H]1CC[C@@]2(C1)C(C)=CCC[C@@H]2C,valid
C=C1/C(=C\C=C2/CCC[C@]3(C)[C@@H]([C@H](C)/C=C/[C@@H](O)C4CC4)CC[C@@H]23)C[C@@H](O)C[C@@H]1O,valid
C=C1C[C@@H]2CC[C@@]34C[C@H]5O[C@H]6[C@@H](O3)[C@H]3O[C@H](CC[C@@H]3O[C@H]6[C@H]5O4)CC(=O)C[C@@H]3[C@@H](OC)[C@@H](C[C@H](O)CN)O[C@H]3C[C@H]3O[C@@H](CC[C@@H]1O2)C[C@@H](C)C3=C,valid
C=C1C[C@@H]2[C@H](CC[C@]3(C)C(=O)CC[C@@H]23)[C@@]2(C)C=CC(=O)C=C12,valid
C=C1c2cccc([O-])c2C(=O)C2=C([O-])[C@]3(O)C(=O)C(C(N)=O)=C([O-])[C@@H]([NH+](C)C)[C@@H]3[C@@H](O)[C@H]12,valid
C=C[C@]1(C)C[C@@H](OC(=O)CSC2C[C@H]3CC[C@@H](C2)[NH+]3C)[C@]2(C)[C@H](C)CC[C@]3(CCC(=O)[C@H]32)[C@@H](C)[C@@H]1O,valid
CC#CCC(C)[C@H](O)/C=C/[C@@H]1[C@H]2C/C(=C/CCCC(=O)[O-])C[C@H]2C[C@H]1O,valid
CC#CCn1c(N2CCC[C@@H]([NH3+])C2)nc2c1c(=O)n(Cc1nc(C)c3ccccc3n1)c(=O)n2C,valid
CC(=O)N[C@H](Cc1ccc2ccccc2c1)C(=O)N[C@H](Cc1ccc(Cl)cc1)C(=O)N[C@H](Cc1cccnc1)C(=O)N[C@@H](CO)C(=O)N[C@@H](Cc1ccc(NC(=O)[C@@H]2CC(=O)NC(=O)N2)cc1)C(=O)N[C@H](Cc1ccc(NC(N)=O)cc1)C(=O)N[C@@H](CC(C)C)C(=O)N[C@@H](CCCC[NH2+]C(C)C)C(=O)N1CCC[C@H]1C(=O)N[C@H](C)C(N)=O,valid
CC(C)(C(=O)[O-])c1ccc(C(O)CCC[NH+]2CCC(C(O)(c3ccccc3)c3ccccc3)CC2)cc1,valid
CC(C)(C(=O)c1cccnc1)c1cccnc1,valid
CC(C)(C)NC(=O)[C@@H]1CN(Cc2cccnc2)CC[NH+]1C[C@@H](O)C[C@@H](Cc1ccccc1)C(=O)N[C@H]1c2ccccc2C[C@H]1O,valid
CC(C)(C)NC(=O)[C@@H]1C[C@@H]2CCCC[C@@H]2C[NH+]1C[C@@H](O)[C@H](Cc1ccccc1)NC(=O)[C@H](CC(N)=O)NC(=O)c1ccc2ccccc2n1,valid
CC(C)(C)NC(=O)[C@H]1CC[C@H]2[C@@H]3CC[C@H]4NC(=O)C=C[C@]4(C)[C@H]3CC[C@]12C,valid
CC(C)(C)[NH2+]CC(O)COc1cccc2c1CCC(=O)N2,valid
CC(C)(C)[NH2+]CC(O)COc1cccc2c1C[C@H](O)[C@H](O)C2,valid
CC(C)(C)[NH2+]C[C@H](O)COc1cccc2c1CCCC2=O,valid
CC(C)(C)[NH2+]C[C@H](O)COc1ccccc1C1CCCC1,valid
CC(C)(C)[NH2+]C[C@H](O)COc1nsnc1N1CCOCC1,valid
CC(C)(O)c1ccccc1CC[C@@H](SCC1(CC(=O)[O-])CC1)c1cccc(/C=C/c2ccc3ccc(Cl)cc3n2)c1,valid
CC(C)(O/N=C(\C(=O)N[C@@H]1C(=O)N2C(C(=O)[O-])=C(C[n+]3ccccc3)CS[C@H]12)c1csc(N)n1)C(=O)[O-],valid
CC(C)(Sc1cc(C(C)(C)C)c(O)c(C(C)(C)C)c1)Sc1cc(C(C)(C)C)c(O)c(C(C)(C)C)c1,valid
CC(C)/N=c1\cc2n(-c3ccc(Cl)cc3)c3ccccc3nc-2cc1Nc1ccc(Cl)cc1,valid
CC(C)=CC[NH+]1CC[C@@]2(C)c3cc(O)ccc3C[C@@H]1[C@@H]2C,valid
CC(C)CC(NC(=O)C(Cc1ccc2ccccc2c1)NC(=O)C(Cc1ccc(O)cc1)NC(=O)C(CO)NC(=O)C(Cc1c[nH]c2ccccc12)NC(=O)C(Cc1c[nH]cn1)NC(=O)C1CCC(=O)N1)C(=O)NC(CCCNC(N)=[NH2+])C(=O)N1CCCC1C(=O)NCC(N)=O,valid
CC(C)CC([NH+](C)C)C1(c2ccc(Cl)cc2)CCC1,valid
CC(C)CN(C[C@@H](O)[C@H](Cc1ccccc1)NC(=O)O[C@H]1CO[C@H]2OCC[C@H]21)S(=O)(=O)c1ccc(N)cc1,valid
CC(C)CNCc1ccc(-c2ccccc2S(=O)(=O)N2CCCC2)cc1,valid
CC(C)COCC(CN(Cc1ccccc1)c1ccccc1)[NH+]1CCCC1,valid
CC(C)C[C@@H](NC(=O)[C@H](C)NC(=O)CNC(=O)[C@@H](NC=O)C(C)C)C(=O)N[C@@H](C)C(=O)N[C@@H](C(=O)N[C@H](C(=O)N[C@H](C(=O)N[C@@H](Cc1c[nH]c2ccccc12)C(=O)N[C@H](CC(C)C)C(=O)N[C@@H](Cc1c[nH]c2ccccc12)C(=O)N[C@H](CC(C)C)C(=O)N[C@@H](Cc1c[nH]c2ccccc12)C(=O)N[C@H](CC(C)C)C(=O)N[C@@H](Cc1c[nH]c2ccccc12)C(=O)NCCO)C(C)C)C(C)C)C(C)C,valid
CC(C)C[C@H](NC(=O)CNC(=O)[C@H](Cc1ccc(O)cc1)NC(=O)[C@H](CO)NC(=O)[C@H](Cc1c[nH]c2ccccc12)NC(=O)[C@H](Cc1c[nH]cn1)NC(=O)[C@@H]1CCC(=O)N1)C(=O)N[C@@H](CCCNC(N)=[NH2+])C(=O)N1CCC[C@H]1C(=O)NCC(N)=O,valid
CC(C)C[C@H](NC(=O)[C@@H](Cc1c[nH]c2ccccc12)NC(=O)[C@H](Cc1ccc(O)cc1)NC(=O)[C@H](CO)NC(=O)[C@H](Cc1c[nH]c2ccccc12)NC(=O)[C@H](Cc1cnc[nH]1)NC(=O)[C@@H]1CCC(=O)N1)C(=O)N[C@@H](CCC[NH+]=C(N)N)C(=O)N1CCC[C@H]1C(=O)NCC(N)=O,valid
CC(C)C[C@H](NC(=O)[C@H](CCc1ccccc1)NC(=O)CN1CCOCC1)C(=O)N[C@@H](Cc1ccccc1)C(=O)N[C@@H](CC(C)C)C(=O)[C@@]1(C)CO1,valid
CC(C)C[C@H]1C(=O)N2CCC[C@H]2[C@]2(O)O[C@](NC(=O)[C@@H]3C=C4c5cccc6[nH]c(Br)c(c56)C[C@H]4[NH+](C)C3)(C(C)C)C(=O)N12,valid
CC(C)Cn1cnc2c(N)nc3ccccc3c21,valid
CC(C)[C@@H](CN1CC[C@@](C)(c2cccc(O)c2)[C@@H](C)C1)NC(=O)[C@H]1Cc2ccc(O)cc2CN1,valid
CC(C)[C@@H]1NC(=O)[C@H](CCCC[NH3+])NC(=O)[C@@H](Cc2c[nH]c3ccccc23)NC(=O)[C@H](Cc2ccc(O)cc2)NC(=O)[C@@H](NC(=O)[C@H]([NH3+])Cc2ccc3ccccc3c2)CSSC[C@@H](C(=O)N[C@H](C(N)=O)[C@@H](C)O)NC1=O,valid
CC(C)[C@@]1(C(=O)N[C@H]2CC(=O)O[C@]2(O)CF)CC(c2nccc3ccccc23)=NO1,valid
CC(C)[C@H]1CC[C@H](C(=O)N[C@H](Cc2ccccc2)C(=O)[O-])CC1,valid
CC(C)[NH+]1CCN(c2ccc(OC[C@H]3CO[C@](Cn4cncn4)(c4ccc(Cl)cc4Cl)O3)cc2)CC1,valid
CC(C)[NH2+]CC1CCc2cc(CO)c([N+](=O)[O-])cc2N1,valid
CC(C)[NH2+]CCCC1(C(N)=O)c2ccccc2-c2ccccc21,valid
CC(C)c1c(C(=O)Nc2ccccc2)c(-c2ccccc2)c(-c2ccc(F)cc2)n1CC[C@@H](O)C[C@@H](O)CC(=O)[O-],valid
CC(C)c1ccc2oc3nc(N)c(C(=O)[O-])cc3c(=O)c2c1,valid
CC(C)c1nc(CN(C)C(=O)N[C@H](C(=O)N[C@@H](Cc2ccccc2)C[C@H](O)[C@H](Cc2ccccc2)NC(=O)OCc2cncs2)C(C)C)cs1,valid
CC(C)c1nc(N(C)S(C)(=O)=O)nc(-c2ccc(F)cc2)c1/C=C/[C@@H](O)C[C@@H](O)CC(=O)[O-],valid
CC1/C=C/C=C/CC/C=C/C=C/C=C/C=C/C(OC2O[C@H](C)[C@@H](O)[C@H]([NH3+])[C@@H]2O)CC(O)C(C(=O)[O-])C(O)CC(=O)CC(O)C(O)CCC(O)CC(O)CC(O)CC(=O)OC(C)C(C)C1O,valid
CC1C=CC=CC=CC=CC=CC=CC=CC(OC2O[C@H](C)[C@@H](O)[C@H]([NH3+])[C@@H]2O)CC2OC(O)(CC(O)CC(O)CC(O)CC(=O)CCCC(=O)CC(=O)OC1C(C)CC(C)C(O)CC(=O)c1ccc(N)cc1)CC(O)C2C(=O)[O-],valid
CN(C)S(=O)(=O)c1ccc2c(c1)/C(=C\CCN1CC[NH+](C)CC1)c1ccccc1S2,valid
CO/N=C(\C(=O)N[C@@H]1C(=O)N2C(C(=O)[O-])=C(C[N+]3(C)CCCC3)CS[C@H]12)c1csc(N)n1,valid
COC(=O)N[C@H](C(=O)N[C@@H](Cc1ccccc1)[C@@H](O)CN(Cc1ccc(-c2ccccn2)cc1)NC(=O)[C@@H](NC(=O)OC)C(C)(C)C)C(C)(C)C,valid
COC(=O)[C@@H]1CC2=CC(=O)CC[C@]2(C)[C@@]23O[C@@H]2C[C@@]2(C)[C@@H](CC[C@@]24CCC(=O)O4)[C@H]13,valid
COC1=CC(=O)C[C@@H](C)[C@]12Oc1c(Cl)c(OC)cc(OC)c1C2=O,valid
COCc1c(C(C)C)nc(C(C)C)c(/C=C/[C@@H](O)C[C@@H](O)CC(=O)[O-])c1-c1ccc(F)cc1,valid
CO[C@H]1C[C@H](O[C@H]2[C@H](C)[C@@H](O[C@@H]3O[C@H](C)C[C@H]([NH+](C)C)[C@H]3OC(C)=O)[C@@H](C)C[C@@]3(CO3)C(=O)[C@H](C)[C@@H](OC(C)=O)[C@@H](C)[C@@H](C)OC(=O)[C@@H]2C)O[C@@H](C)[C@@H]1OC(C)=O,valid
CO[C@H]1O[C@@H]2O[C@@]3(C)CC[C@H]4[C@H](C)CC[C@@H]([C@H]1C)[C@@]24OO3,valid
CO[C@]12CC[C@@]3(C[C@@H]1[C@](C)(O)C(C)(C)C)[C@H]1Cc4ccc(O)c5c4[C@@]3(CC[NH+]1CC1CC1)[C@H]2O5,valid
COc1cc(C(=O)NCc2ccc(OCC[NH+](C)C)cc2)cc(OC)c1OC,valid
COc1cc(C[C@@H]2c3c(cc(OC)c(OC)c3OC)CC[N+]2(C)CCCOC(=O)CCC(=O)OCCC[N+]2(C)CCc3cc(OC)c(OC)c(OC)c3[C@@H]2Cc2cc(OC)c(OC)c(OC)c2)cc(OC)c1OC,valid
COc1cc2c(Nc3ccc(Br)cc3F)ncnc2cc1OCC1CC[NH+](C)CC1,valid
COc1cc2c(cc1OC)C1CC(=O)C(CC(C)C)C[NH+]1CC2,valid
COc1cc2c(cc1OC)[C@@H](Cc1cc(OC)c(OC)c(OC)c1)[N+](C)(CCCOC(=O)CC/C=C/CCC(=O)OCCC[N+]1(C)CCc3cc(OC)c(OC)cc3[C@H]1Cc1cc(OC)c(OC)c(OC)c1)CC2,valid
COc1ccc(C(=O)CC(=O)c2ccc(C(C)(C)C)cc2)cc1,valid
COc1ccc2c3c1O[C@H]1C[C@@H](O)C=C[C@@]31CC[NH+](C)C2,valid
COc1ccc2c3c1O[C@H]1[C@@H](O)CC[C@H]4[C@@H](C2)[NH+](C)CC[C@@]341,valid
COc1ccccc1Oc1c([N-]S(=O)(=O)c2ccc(C(C)(C)C)cc2)nc(-c2ncccn2)nc1OCCO,valid
CSCC[C@H](NC(=O)[C@H](Cc1c[nH]c2ccccc12)NC(=O)CCNC(=O)OCC(C)C)C(=O)N[C@@H](CC(=O)[O-])C(=O)N[C@@H](Cc1ccccc1)C(N)=O,valid
CSCC[C@H](NC(=O)[C@H](Cc1c[nH]c2ccccc12)NC(=O)CNC(=O)[C@@H](NC(=O)[C@H](Cc1ccc(OS(=O)(=O)[O-])cc1)NC(=O)[C@H](CC(=O)[O-])NC(=O)[C@H](CCC(N)=O)NC(=O)[C@@H]1CCC(=O)N1)[C@@H](C)O)C(=O)N[C@@H](CC(=O)[O-])C(=O)N[C@@H](Cc1ccccc1)C(N)=O,valid
C[C@@H](CN1CC(=O)NC(=O)C1)[NH+]1CC(=O)NC(=O)C1,valid
C[C@@H](O)[C@H]1C(=O)N2C(C(=O)[O-])=C(SCC/[NH+]=C/N)C[C@H]12,valid
C[C@@H](O)[C@H]1C(=O)N2C(C(=O)[O-])=C(S[C@@H]3C[NH2+][C@H](C(=O)Nc4cccc(C(=O)[O-])c4)C3)[C@H](C)[C@H]12,valid
C[C@@H](O[C@H]1OCC[NH+](Cc2n[nH]c(=O)[nH]2)[C@H]1c1ccc(F)cc1)c1cc(C(F)(F)F)cc(C(F)(F)F)c1,valid
C[C@@H](Oc1cc(-c2cnn(C3CC[NH2+]CC3)c2)cnc1N)c1c(Cl)ccc(F)c1Cl,valid
C[C@@H]([NH2+]CCCc1cccc(C(F)(F)F)c1)c1cccc2ccccc12,valid
C[C@@H](c1ncncc1F)[C@](O)(Cn1cncn1)c1ccc(F)cc1F,valid
C[C@@H]1C/C=C/C=C/C=C/C=C/[C@H](OC2O[C@H](C)[C@@H](O)[C@H]([NH3+])[C@@H]2O)C[C@@H]2O[C@](O)(C[C@@H](O)C[C@H]3O[C@@H]3/C=C/C(=O)O1)C[C@H](O)[C@H]2C(=O)[O-],valid
C[C@@H]1CCN(C(=O)[C@H](CCC[NH+]=C(N)N)NS(=O)(=O)c2cccc3c2NC[C@H](C)C3)[C@@H](C(=O)[O-])C1,valid
C[C@@H]1O[C@@]2(CS1)C[NH+]1CCC2CC1,valid
C[C@@H]1[C@H](O)[C@@H](C)/C=C/C=C/C=C/C=C/C=C/C=C/C=C/[C@H](O[C@@H]2O[C@H](C)[C@@H](O)[C@H]([NH3+])[C@@H]2O)C[C@@H]2O[C@](O)(C[C@@H](O)C[C@@H](O)[C@H](O)CC[C@@H](O)C[C@@H](O)CC(=O)O[C@H]1C)C[C@H](O)[C@H]2C(=O)[O-],valid
C[C@@]12CCCCC[C@@H](Cc3ccc(O)cc31)[C@@H]2[NH3+],valid
C[C@H](/C=C/[C@H](C)C(C)(C)O)[C@H]1CC[C@H]2/C(=C/C=C3C[C@@H](O)C[C@H](O)C3)CCC[C@]12C,valid
C[C@H](Cc1cc2c(c(C(N)=O)c1)N(CCCO)CC2)[NH2+]CCOc1ccccc1OCC(F)(F)F,valid
C[C@H](Cc1ccc(O)c(O)c1)[C@@H](C)Cc1ccc(O)c(O)c1,valid
C[C@H](O)[C@H](O)[C@H]1CNc2[nH]c(N)nc(=O)c2N1,valid
C[C@H](OC(=O)c1ccccc1)C1=CCC23OCC[NH+](C)CC12C[C@@H](O)C12O[C@@]4(O)CC[C@@]1(C)[C@H](CC=C32)C4,valid
C[C@H]1C[C@H]2[C@@H]3CCC4=CC(=O)C=C[C@]4(C)[C@@]3(F)[C@@H](O)C[C@]2(C)[C@@]1(OC(=O)c1ccccc1)C(=O)CO,valid
C[C@H]1C[NH+](C[C@H](Cc2ccccc2)C(=O)NCC(=O)[O-])CC[C@@]1(C)c1cccc(O)c1,valid
C[C@H]1O[C@@H](O[C@H]2CC[C@@]3(C)[C@H](CC[C@@H]4[C@@H]3C[C@@H](O)[C@]3(C)[C@@H](C5=CC(=O)OC5)CC[C@]43O)C2)C[C@H](O)[C@@H]1O[C@H]1C[C@H](O)[C@H](O[C@H]2C[C@H](O)[C@H](O[C@@H]3O[C@H](CO)[C@@H](O)[C@H](O)[C@H]3O)[C@@H](C)O2)[C@@H](C)O1,valid
C[C@H]1O[C@H](O[C@H]2[C@H](O)[C@@H](O)[C@@H](O[C@H]3[C@H](O)[C@@H](O)[C@H](O)O[C@@H]3CO)O[C@@H]2CO)[C@H](O)[C@@H](O)[C@@H]1[NH2+][C@H]1C=C(CO)[C@H](O)[C@H](O)[C@H]1O,valid
C[C@H]1[C@H](NC(=O)/C(=N\OC(C)(C)C(=O)[O-])c2csc(N)n2)C(=O)N1S(=O)(=O)[O-],valid
C[C@]1(Cn2ccnn2)[C@H](C(=O)[O-])N2C(=O)C[C@H]2S1(=O)=O,valid
C[C@]12C/C(=C/[O-])C(=O)C[C@@H]1CC[C@@H]1[C@@H]2CC[C@@]2(C)[C@H]1CC[C@]2(C)O,valid
C[C@]12C=CC(=O)C=C1CC[C@@H]1[C@@H]2CC[C@]2(C)OC(=O)CC[C@@H]12,valid
C[C@]12CCC(=O)C=C1CC[C@@H]1[C@@H]2[C@@H](O)C[C@@]2(C)[C@H]1CC[C@]2(O)C(=O)COC(=O)CCC1CCCC1,valid
C[C@]12CCC(=O)C=C1[C@@H]1C[C@@H]1[C@H]1[C@@H]3[C@@H]4C[C@@H]4[C@@]4(CCC(=O)O4)[C@@]3(C)CC[C@@H]12,valid
C[C@]12CCC3=C4CCC(=O)C=C4CC[C@H]3[C@@H]1CC[C@@]2(O)CC#N,valid
C[C@]12CC[C@H]3[C@@H](CCC4=CC(=O)CC[C@@H]43)[C@@H]1CC[C@@H]2OC(=O)CCc1ccccc1,valid
C[C@]12CC[C@H]3[C@@H](CC[C@@]45O[C@@H]4C(O)=C(C#N)C[C@]35C)[C@@H]1CC[C@@H]2O,valid
C[C@]12COC(=O)C[C@@H]1CC[C@@H]1[C@@H]2CC[C@@]2(C)[C@H]1CC[C@]2(C)O,valid
C[C@]12Cc3cn[nH]c3C[C@@H]1CC[C@@H]1[C@@H]2CC[C@@]2(C)[C@H]1CC[C@]2(C)O,valid
C[N+](C)(CCCCCC[N+](C)(C)C1c2ccccc2-c2ccccc21)C1c2ccccc2-c2ccccc21,valid
C[N+]1(C)CCC(=C(c2ccccc2)c2ccccc2)CC1,valid
C[N+]1(C)CCC(OC(=O)C(O)(c2ccccc2)C2CCCC2)C1,valid
C[N+]1(C)CCCC(OC(=O)C(O)(c2ccccc2)c2ccccc2)C1,valid
C[N+]1(C)CCN(CC(O)(c2ccccc2)C2CCCCC2)CC1,valid
C[N+]1(C)[C@@H]2CC(OC(=O)C(O)(c3cccs3)c3cccs3)C[C@H]1[C@@H]1O[C@@H]12,valid
C[N+]1(CCCCC[N+]2(C)CCCC2)CCCC1,valid
C[N+]12CCC(CC1)C(OC(=O)C(O)(c1ccccc1)c1ccccc1)C2,valid
C[NH+](C)CC/C=C1/c2ccccc2COc2ccc(CC(=O)[O-])cc21,valid
C[NH+](C)CC/C=C1/c2ccccc2Sc2ccc(Cl)cc21,valid
C[NH+](C)CCC=C1c2ccccc2CCc2ccccc21,valid
C[NH+](C)CCOC(=O)C(c1ccccc1)C1(O)CCCC1,valid
C[NH+](C)CCc1c[nH]c2ccc(CS(=O)(=O)N3CCCC3)cc12,valid
C[NH+](C)CCc1c[nH]c2ccc(C[C@H]3COC(=O)N3)cc12,valid
C[NH+](C)CCc1c[nH]c2ccc(Cn3cncn3)cc12,valid
C[NH+](C)CCn1nnnc1SCC1=C(C(=O)[O-])N2C(=O)[C@@H](NC(=O)Cc3csc(N)n3)[C@H]2SC1,valid
C[NH+](C/C=C/c1ccccc1)Cc1cccc2ccccc12,valid
C[NH+]1CCC(=C2c3ccccc3C=Cc3ccccc32)CC1,valid
C[NH+]1CCC(=C2c3ccccc3CC(=O)c3sccc32)CC1,valid
C[NH+]1CCC(=C2c3ccccc3CCn3c(C=O)c[nH+]c32)CC1,valid
C[NH+]1CCC(CN2c3ccccc3Sc3ccccc32)C1,valid
C[NH+]1CCC(OC(c2ccccc2)c2ccccc2)CC1,valid
C[NH+]1CCCC(CC2c3ccccc3Sc3ccccc32)C1,valid
C[NH+]1CCCC(n2nc(Cc3ccc(Cl)cc3)c3ccccc3c2=O)CC1,valid
C[NH+]1CCC[C@@H]1CCO[C@](C)(c1ccccc1)c1ccc(Cl)cc1,valid
C[NH+]1CCC[C@@H]1Cc1c[nH]c2ccc(CCS(=O)(=O)c3ccccc3)cc12,valid
C[NH+]1CCC[C@H]1c1cccnc1,valid
C[NH+]1CCN(C(=O)O[C@H]2c3nccnc3C(=O)N2c2ccc(Cl)cn2)CC1,valid
C[NH+]1CCN(C2=[NH+]c3cc(Cl)ccc3Nc3ccccc32)CC1,valid
C[NH+]1CCN2c3ncccc3Cc3ccccc3C2C1,valid
C[NH+]1CC[C@]23c4c5ccc(O)c4O[C@H]2[C@@H](O)C=C[C@H]3[C@H]1C5,valid
C[NH+]1CCc2cccc3c2[C@H]1Cc1ccc(O)c(O)c1-3,valid
C[NH+]1C[C@@H]2c3ccccc3Oc3ccc(Cl)cc3[C@H]2C1,valid
C[NH+]1C[C@H](C(=O)N[C@]2(C)O[C@@]3(O)[C@@H]4CCCN4C(=O)[C@H](Cc4ccccc4)N3C2=O)C=C2c3cccc4[nH]cc(c34)C[C@H]21,valid
C[NH+]1C[C@H](C(=O)N[C@]2(C)O[C@@]3(O)[C@@H]4CCCN4C(=O)[C@H](Cc4ccccc4)N3C2=O)C[C@@H]2c3cccc4[nH]cc(c34)C[C@H]21,valid
C[NH+]1[C@@H]2CC[C@@H]1CC(OC(c1ccccc1)c1ccccc1)C2,valid
C[NH2+]C1(c2ccccc2Cl)CCCCC1=O,valid
C[NH2+]CCCC12CCC(c3ccccc31)c1ccccc12,valid
C[NH2+]CCCC1c2ccccc2C=Cc2ccccc21,valid
C[NH2+][C@@H]1CCc2[nH]c3ccc(C(N)=O)cc3c2C1,valid
C[NH2+][C@@H]1[C@H](O)[C@H]([NH2+]C)[C@H]2O[C@@]3(O)C(=O)C[C@@H](C)O[C@H]3O[C@@H]2[C@H]1O,valid
C[NH2+][C@@H]1[C@H](O[C@H]2[C@H](O[C@H]3[C@H](O)[C@@H](O)[C@H](NC(N)=[NH2+])[C@@H](O)[C@@H]3NC(N)=[NH2+])O[C@@H](C)[C@]2(O)C=O)O[C@@H](CO)[C@H](O)[C@H]1O,valid
C[NH2+][C@H]1CC[C@@H](c2ccc(Cl)c(Cl)c2)c2ccccc21,valid
Cn1c(=O)n(-c2ccc(C(C)(C)C#N)cc2)c2c3cc(-c4cnc5ccccc5c4)ccc3ncc21,valid
*C(=O)[C@H](CCCCNC(=O)OCCOC)NC(=O)OCCOC,train
CC1=C2[N]3[Co]456([C]#N)<-[N]7=C1[C@@H](CCC(N)=O)C(C)(C)C7=CC1=[N]->4C(=C(C)C4=[N]->5[C@@](C)([C@H]3[C@H](CC(N)=O)[C@@]2(C)CCC(=O)NC[C@@H](C)OP(=O)(O)O[C@H]2[C@@H](O)[C@@H](n3c[n]->6c5cc(C)c(C)cc53)O[C@@H]2CO)[C@@](C)(CC(N)=O)[C@@H]4CCC(N)=O)[C@@](C)(CC(N)=O)[C@@H]1CCC(N)=O,train
CC1=C2[N]3[Co+]456([OH])<-[N]7=C1[C@@H](CCC(N)=O)C(C)(C)C7=CC1=[N]->4C(=C(C)C4=[N]->5[C@@](C)([C@H]3[C@H](CC(N)=O)[C@@]2(C)CCC(=O)NC[C@@H](C)OP(=O)([O-])O[C@H]2[C@@H](O)[C@@H](n3c[n]->6c5cc(C)c(C)cc53)O[C@@H]2CO)[C@@](C)(CC(N)=O)[C@@H]4CCC(N)=O)[C@@](C)(CC(N)=O)[C@@H]1CCC(N)=O,train
